c1riboseqorf9	7	TNFRSF14	False
c1riboseqorf11	7	MEGF6	False
c1riboseqorf19	7	NM_032368.5	True
c1riboseqorf20	7	NM_001243768.2	True
c1riboseqorf21	7	NM_001014765.2	True
c1riboseqorf25	7	SPEN	False
c1riboseqorf27	7	ZBTB17	False
c1riboseqorf28	7	CPLANE2	False
c1riboseqorf32	7	NM_017940.6	True
c1riboseqorf34	7	SLC66A1	False
c1riboseqorf38	7	XM_047429992.1	True
c1riboseqorf42	7	PAFAH2	False
c1riboseqorf43	7	EXTL1	False
c1riboseqorf44	7	PDIK1L	False
c1riboseqorf46	7	ARID1A	False
c1riboseqorf49	7	RPA2	False
c1riboseqorf51	7	SESN2	False
c1riboseqorf56	7	YARS1	False
c1riboseqorf58	7	TRIM62	False
c1riboseqorf59	7	PHC2	False
c1riboseqorf60	7	GJB3	False
c1riboseqorf64	7	KIAA0319L	False
c1riboseqorf66	7	AGO3	False
c1riboseqorf68	7	MAP7D1	False
c1riboseqorf69	7	XM_047436250.1	True
c1riboseqorf70	7	STK40	False
c1riboseqorf72	7	LSM10	False
c1riboseqorf77	7	MACF1	False
c1riboseqorf79	7	ZFP69	False
c1riboseqorf80	7	CTPS1	False
c1riboseqorf81	7	SCMH1	False
c1riboseqorf86	7	IPO13	False
c1riboseqorf87	7	DPH2	False
c1riboseqorf88	7	MUTYH	False
c1riboseqorf90	7	NM_006066.4	True
c1riboseqorf91	7	XM_047427078.1	True
c1riboseqorf92	7	XM_047427066.1	True
c1riboseqorf94	7	CDKN2C	False
c1riboseqorf95	7	CDKN2C	False
c1riboseqorf96	7	RNF11	False
c1riboseqorf97	7	RNF11	False
c1riboseqorf105	7	PCSK9	False
c1riboseqorf111	7	ANKRD13C	False
c1riboseqorf113	7	TYW3	False
c1riboseqorf114	7	TYW3	False
c1riboseqorf115	7	ST6GALNAC3	False
c1riboseqorf119	5	SELENOF	False
c1riboseqorf124	7	DR1	False
c1riboseqorf125	7	BCAR3	False
c1riboseqorf128	7	NM_001256387.2	True
c1riboseqorf132	7	EXTL2	False
c1riboseqorf135	7	S1PR1	False
c1riboseqorf136	7	NM_001372169.1	True
c1riboseqorf138	7	NM_001321039.3	True
c1riboseqorf139	7	NM_001377458.1	True
c1riboseqorf141	7	DRAM2	False
c1riboseqorf143	7	LRIG2	False
c1riboseqorf145	7	PHTF1	False
c1riboseqorf146	7	DCLRE1B	False
c1riboseqorf147	7	HIPK1	False
c1riboseqorf148	7	NM_001256404.2	True
c1riboseqorf152	7	XM_047419042.1	True
c1riboseqorf153	7	XM_047419042.1	True
c1riboseqorf154	7	MAN1A2	False
c1riboseqorf155	7	MAN1A2	False
c1riboseqorf166	7	XM_047435074.1	True
c1riboseqorf167	7	XM_017002884.2	True
c1riboseqorf168	7	PLEKHO1	False
c1riboseqorf169	7	ANP32E	False
c1riboseqorf170	7	MRPS21	False
c1riboseqorf171	7	MINDY1	False
c1riboseqorf172	7	XM_017001847.3	True
c1riboseqorf173	7	LYSMD1	False
c1riboseqorf174	7	PIP5K1A	False
c1riboseqorf175	7	PIP5K1A	False
c1riboseqorf176	7	NM_001369629.2	True
c1riboseqorf177	7	NM_001330721.2	True
c1riboseqorf178	7	NM_001379418.1	True
c1riboseqorf181	5	.	False
c1riboseqorf182	7	INTS3	False
c1riboseqorf183	7	CREB3L4	False
c1riboseqorf184	7	C1orf43	False
c1riboseqorf187	7	FLAD1	False
c1riboseqorf189	7	NM_001267608.2	True
c1riboseqorf190	7	FDPS	False
c1riboseqorf191	7	RUSC1	False
c1riboseqorf194	7	SLC25A44	False
c1riboseqorf195	7	SMG5	False
c1riboseqorf197	7	GPATCH4	False
c1riboseqorf200	7	ISG20L2	False
c1riboseqorf201	7	ISG20L2	False
c1riboseqorf202	7	ISG20L2	False
c1riboseqorf203	7	ISG20L2	False
c1riboseqorf204	7	METTL25B	False
c1riboseqorf206	7	ARHGEF11	False
c1riboseqorf207	7	PIGM	False
c1riboseqorf208	7	IGSF8	False
c1riboseqorf209	5	DCAF8	False
c1riboseqorf213	7	USP21	False
c1riboseqorf214	7	XM_024450541.2	True
c1riboseqorf215	7	B4GALT3	False
c1riboseqorf216	7	ADAMTS4	False
c1riboseqorf217	5	TOMM40L	False
c1riboseqorf218	7	NM_001286373.2	True
c1riboseqorf219	7	RXRG	False
c1riboseqorf220	7	DCAF6	False
c1riboseqorf223	7	NME7	False
c1riboseqorf224	7	PRRC2C	False
c1riboseqorf225	7	METTL13	False
c1riboseqorf226	7	C1orf105	False
c1riboseqorf227	7	SUCO	False
c1riboseqorf229	7	DARS2	False
c1riboseqorf236	7	NM_001162895.2	True
c1riboseqorf237	7	XM_047435110.1	True
c1riboseqorf238	7	XM_047447778.1	True
c1riboseqorf240	7	NM_001199260.2	True
c1riboseqorf241	5	TOR1AIP1	False
c1riboseqorf242	7	XPR1	False
c1riboseqorf244	7	DHX9	False
c1riboseqorf245	7	SMG7	False
c1riboseqorf246	7	RGL1	False
c1riboseqorf247	7	RGL1	False
c1riboseqorf249	7	CAMSAP2	False
c1riboseqorf250	7	TMEM183A	False
c1riboseqorf251	7	NM_001365784.2	True
c1riboseqorf252	7	ZBED6	False
c1riboseqorf255	7	NM_001376339.1	True
c1riboseqorf256	7	PPP1R15B	False
c1riboseqorf257	7	ELK4	False
c1riboseqorf258	7	NM_033102.3	True
c1riboseqorf259	7	SLC41A1	False
c1riboseqorf260	7	SLC41A1	False
c1riboseqorf263	7	EIF2D	False
c1riboseqorf264	7	IL24	False
c1riboseqorf265	7	PLXNA2	False
c1riboseqorf271	7	ANGEL2	False
c1riboseqorf273	7	XM_047426374.1	True
c1riboseqorf274	7	GPATCH2	False
c1riboseqorf275	5	BPNT1	False
c1riboseqorf276	7	AIDA	False
c1riboseqorf277	7	BROX	False
c1riboseqorf278	7	NM_014698.3	True
c1riboseqorf279	7	CDC42BPA	False
c1riboseqorf280	7	CDC42BPA	False
c1riboseqorf281	7	CDC42BPA	False
c1riboseqorf283	7	GNPAT	False
c1riboseqorf284	5	.	False
c1riboseqorf287	7	MAP3K21	False
c1riboseqorf288	7	COA6	False
c1riboseqorf289	7	GGPS1	False
c1riboseqorf291	7	MTR	False
c1riboseqorf292	7	EXO1	False
c1riboseqorf293	7	EXO1	False
c1riboseqorf294	7	PLD5	False
c1riboseqorf298	7	SH3BP5L	False
c2riboseqorf1	7	EIPR1	False
c2riboseqorf4	7	NM_001349183.2	True
c2riboseqorf5	7	KIDINS220	False
c2riboseqorf7	7	HPCAL1	False
c2riboseqorf8	7	RHOB	False
c2riboseqorf11	7	ASXL2	False
c2riboseqorf12	7	KIF3C	False
c2riboseqorf13	7	AGBL5	False
c2riboseqorf15	7	KHK	False
c2riboseqorf16	7	PREB	False
c2riboseqorf17	5	.	False
c2riboseqorf18	7	SPAST	False
c2riboseqorf19	7	YIPF4	False
c2riboseqorf21	7	PRKD3	False
c2riboseqorf22	7	PRKD3	False
c2riboseqorf23	7	PRKD3	False
c2riboseqorf24	5	GEMIN6	False
c2riboseqorf26	7	MAP4K3	False
c2riboseqorf28	7	PKDCC	False
c2riboseqorf30	7	PREPL	False
c2riboseqorf31	7	RHOQ	False
c2riboseqorf32	7	NM_002643.4	True
c2riboseqorf33	7	XM_047444111.1	True
c2riboseqorf35	7	CCDC88A	False
c2riboseqorf36	7	PPP4R3B	False
c2riboseqorf38	7	BCL11A	False
c2riboseqorf43	7	EHBP1	False
c2riboseqorf47	7	GMCL1	False
c2riboseqorf55	7	WBP1	False
c2riboseqorf66	7	STARD7	False
c2riboseqorf67	7	C2orf15	False
c2riboseqorf68	5	RPL31	False
c2riboseqorf70	7	NM_001004722.4	True
c2riboseqorf73	7	ANAPC1	False
c2riboseqorf74	7	NM_005415.5	True
c2riboseqorf75	7	NM_012455.3	True
c2riboseqorf78	7	CFAP221	False
c2riboseqorf79	7	TMEM177	False
c2riboseqorf80	7	PTPN4	False
c2riboseqorf81	7	TMEM185B	False
c2riboseqorf82	7	RALB	False
c2riboseqorf83	7	XM_006712382.2	True
c2riboseqorf85	7	ERCC3	False
c2riboseqorf86	7	IWS1	False
c2riboseqorf91	7	GPR39	False
c2riboseqorf92	7	LYPD1	False
c2riboseqorf95	7	R3HDM1	False
c2riboseqorf96	7	NM_001282798.2	True
c2riboseqorf100	5	ORC4	False
c2riboseqorf101	7	XM_047445083.1	True
c2riboseqorf103	7	RIF1	False
c2riboseqorf105	7	ARL5A	False
c2riboseqorf109	5	TANK	False
c2riboseqorf110	7	TANK	False
c2riboseqorf111	7	KCNH7	False
c2riboseqorf115	7	NM_024622.6	True
c2riboseqorf116	7	FASTKD1	False
c2riboseqorf118	7	TLK1	False
c2riboseqorf120	7	MAP3K20	False
c2riboseqorf121	7	SP3	False
c2riboseqorf132	7	PLEKHA3	False
c2riboseqorf137	7	NM_001376032.1	True
c2riboseqorf141	5	GULP1	False
c2riboseqorf142	7	NM_001375929.1	True
c2riboseqorf144	7	NAB1	False
c2riboseqorf145	7	PLCL1	False
c2riboseqorf146	5	.	False
c2riboseqorf148	7	KCTD18	False
c2riboseqorf149	7	NM_173822.5	True
c2riboseqorf150	7	XM_047446185.1	True
c2riboseqorf151	7	XM_047446185.1	True
c2riboseqorf152	7	TRAK2	False
c2riboseqorf155	7	BMPR2	False
c2riboseqorf156	7	BMPR2	False
c2riboseqorf157	7	BMPR2	False
c2riboseqorf159	7	XM_047445554.1	True
c2riboseqorf161	7	KLF7	False
c2riboseqorf163	7	XM_011511163.3	True
c2riboseqorf164	7	PLEKHM3	False
c2riboseqorf165	7	PIKFYVE	False
c2riboseqorf166	7	NM_018000.3	True
c2riboseqorf167	7	MARCHF4	False
c2riboseqorf168	7	NM_020935.3	True
c2riboseqorf172	7	ZNF142	False
c2riboseqorf174	7	XM_047446454.1	True
c2riboseqorf175	7	STK16	False
c2riboseqorf176	7	STK16	False
c2riboseqorf179	7	GMPPA	False
c2riboseqorf181	7	IRS1	False
c2riboseqorf182	7	IRS1	False
c2riboseqorf184	7	NM_001348319.1	True
c2riboseqorf185	7	SLC16A14	False
c2riboseqorf186	7	ARL4C	False
c2riboseqorf193	7	FARP2	False
c3riboseqorf1	7	THUMPD3	False
c3riboseqorf7	7	XM_047448487.1	True
c3riboseqorf8	7	XM_047448496.1	True
c3riboseqorf10	7	OGG1	False
c3riboseqorf11	7	ARPC4-TTLL3	False
c3riboseqorf12	7	IL17RE	False
c3riboseqorf14	7	RAF1	False
c3riboseqorf23	7	NM_012260.4	True
c3riboseqorf24	7	BTD	False
c3riboseqorf26	7	NM_001352980.2	True
c3riboseqorf29	7	SATB1	False
c3riboseqorf30	7	NR1D2	False
c3riboseqorf31	7	RARB	False
c3riboseqorf32	7	AZI2	False
c3riboseqorf34	7	CNOT10	False
c3riboseqorf35	7	UBP1	False
c3riboseqorf36	7	UBP1	False
c3riboseqorf38	5	.	False
c3riboseqorf40	7	ACAA1	False
c3riboseqorf41	7	ACVR2B	False
c3riboseqorf51	7	TCAIM	False
c3riboseqorf52	7	NM_181489.6	True
c3riboseqorf53	7	ZNF35	False
c3riboseqorf60	7	KIF9	False
c3riboseqorf61	7	SCAP	False
c3riboseqorf62	7	NM_138615.3	True
c3riboseqorf63	7	P4HTM	False
c3riboseqorf67	5	HYAL1	False
c3riboseqorf71	7	PARP3	False
c3riboseqorf73	7	NM_000688.6	True
c3riboseqorf76	7	XM_047448565.1	True
c3riboseqorf78	7	NEK4	False
c3riboseqorf79	7	NEK4	False
c3riboseqorf83	7	XM_005265465.5	True
c3riboseqorf84	7	SLMAP	False
c3riboseqorf86	7	NM_001291941.3	True
c3riboseqorf87	7	ADAMTS9	False
c3riboseqorf88	7	SLC25A26	False
c3riboseqorf91	7	TMF1	False
c3riboseqorf93	7	ROBO2	False
c3riboseqorf94	7	ROBO1	False
c3riboseqorf95	7	ROBO1	False
c3riboseqorf96	7	NM_001320493.2	True
c3riboseqorf97	7	NM_003663.4	True
c3riboseqorf100	7	EPHA3	False
c3riboseqorf103	7	ARL6	False
c3riboseqorf104	7	ST3GAL6	False
c3riboseqorf105	7	TMEM45A	False
c3riboseqorf107	7	NM_001348993.2	True
c3riboseqorf108	7	ALCAM	False
c3riboseqorf112	7	SLC35A5	False
c3riboseqorf114	7	CCDC80	False
c3riboseqorf115	7	XM_047449122.1	True
c3riboseqorf117	7	TMEM39A	False
c3riboseqorf118	7	TIMMDC1	False
c3riboseqorf119	7	GSK3B	False
c3riboseqorf120	7	GSK3B	False
c3riboseqorf121	7	POLQ	False
c3riboseqorf122	7	FBXO40	False
c3riboseqorf123	7	WDR5B	False
c3riboseqorf126	7	OSBPL11	False
c3riboseqorf130	5	MBD4	False
c3riboseqorf133	7	ATP2C1	False
c3riboseqorf134	7	ANAPC13	False
c3riboseqorf135	7	CEP63	False
c3riboseqorf138	7	XM_047448510.1	True
c3riboseqorf139	7	PPP2R3A	False
c3riboseqorf140	7	MSL2	False
c3riboseqorf143	7	IL20RB	False
c3riboseqorf144	7	SPSB4	False
c3riboseqorf149	7	CHST2	False
c3riboseqorf150	7	CHST2	False
c3riboseqorf151	7	RNF13	False
c3riboseqorf154	7	MBNL1	False
c3riboseqorf155	7	NM_001387801.1	True
c3riboseqorf156	7	P2RY1	False
c3riboseqorf160	7	VEPH1	False
c3riboseqorf161	5	SCHIP1	False
c3riboseqorf162	7	IFT80	False
c3riboseqorf163	7	XM_006713485.5	True
c3riboseqorf164	7	GOLIM4	False
c3riboseqorf165	5	.	False
c3riboseqorf167	7	XM_011513073.3	True
c3riboseqorf169	7	NM_016331.3	True
c3riboseqorf171	7	ATP11B	False
c3riboseqorf172	7	XM_047449058.1	True
c3riboseqorf173	7	XM_047449059.1	True
c3riboseqorf175	7	PARL	False
c3riboseqorf177	7	EIF4G1	False
c3riboseqorf181	7	NM_001134415.1	True
c3riboseqorf182	7	ST6GAL1	False
c3riboseqorf187	7	RNF168	False
c3riboseqorf188	7	RNF168	False
c3riboseqorf189	7	RNF168	False
c3riboseqorf190	7	FBXO45	False
c3riboseqorf191	7	SENP5	False
c3riboseqorf194	7	XM_047448680.1	True
c4riboseqorf1	7	NM_001395248.1	True
c4riboseqorf2	7	NM_001012614.2	True
c4riboseqorf6	7	TMEM129	False
c4riboseqorf8	5	MFSD10	False
c4riboseqorf10	7	HTT	False
c4riboseqorf12	7	XM_047416333.1	True
c4riboseqorf13	7	CC2D2A	False
c4riboseqorf14	7	XM_047450104.1	True
c4riboseqorf15	7	LDB2	False
c4riboseqorf16	7	NM_001345885.2	True
c4riboseqorf17	7	NM_001345885.2	True
c4riboseqorf18	7	ADGRA3	False
c4riboseqorf19	7	NM_001379406.1	True
c4riboseqorf20	7	NM_203284.3	True
c4riboseqorf22	7	PCDH7	False
c4riboseqorf23	7	PCDH7	False
c4riboseqorf24	5	RPL9	False
c4riboseqorf27	7	N4BP2	False
c4riboseqorf29	7	XM_047450185.1	True
c4riboseqorf30	5	SLC30A9	False
c4riboseqorf31	7	ATP10D	False
c4riboseqorf32	7	SLAIN2	False
c4riboseqorf34	7	OCIAD1	False
c4riboseqorf37	7	NM_024534.6	True
c4riboseqorf38	7	NM_001242690.2	True
c4riboseqorf40	7	XM_005265787.3	True
c4riboseqorf41	7	REST	False
c4riboseqorf43	7	XM_017007959.3	True
c4riboseqorf47	7	MTHFD2L	False
c4riboseqorf49	7	CDKL2	False
c4riboseqorf50	7	USO1	False
c4riboseqorf53	7	CCNI	False
c4riboseqorf54	7	FGF5	False
c4riboseqorf55	7	SCD5	False
c4riboseqorf59	7	ARHGAP24	False
c4riboseqorf60	7	PTPN13	False
c4riboseqorf61	7	PTPN13	False
c4riboseqorf62	5	AFF1	False
c4riboseqorf63	7	NUDT9	False
c4riboseqorf65	7	FAM13A	False
c4riboseqorf66	7	TIGD2	False
c4riboseqorf70	7	SLC39A8	False
c4riboseqorf71	7	UBE2D3	False
c4riboseqorf73	7	XM_011532284.3	True
c4riboseqorf74	7	GSTCD	False
c4riboseqorf76	7	LEF1	False
c4riboseqorf77	7	RPL34	False
c4riboseqorf79	7	ELOVL6	False
c4riboseqorf80	7	AP1AR	False
c4riboseqorf81	7	AP1AR	False
c4riboseqorf82	7	ARSJ	False
c4riboseqorf85	7	XM_011532387.3	True
c4riboseqorf86	7	XM_017008314.2	True
c4riboseqorf88	7	BBS12	False
c4riboseqorf89	7	SPRY1	False
c4riboseqorf90	7	ANKRD50	False
c4riboseqorf91	7	ANKRD50	False
c4riboseqorf92	7	PLK4	False
c4riboseqorf94	7	SCLT1	False
c4riboseqorf96	7	PCDH10	False
c4riboseqorf99	7	NDUFC1	False
c4riboseqorf103	7	USP38	False
c4riboseqorf104	7	USP38	False
c4riboseqorf105	7	OTUD4	False
c4riboseqorf106	7	SLC10A7	False
c4riboseqorf107	7	TMEM184C	False
c4riboseqorf109	7	PDGFC	False
c4riboseqorf111	7	XM_024454079.2	True
c4riboseqorf113	5	ETFDH	False
c4riboseqorf117	7	PALLD	False
c4riboseqorf118	7	CLCN3	False
c4riboseqorf120	7	CLCN3	False
c4riboseqorf123	7	HAND2	False
c4riboseqorf129	7	SORBS2	False
c4riboseqorf130	7	SORBS2	False
c4riboseqorf131	5	SORBS2	False
c4riboseqorf134	7	FAT1	False
c5riboseqorf4	7	CLPTM1L	False
c5riboseqorf5	7	ICE1	False
c5riboseqorf13	7	ANKH	False
c5riboseqorf14	7	MYO10	False
c5riboseqorf16	7	GOLPH3	False
c5riboseqorf18	7	NIPBL	False
c5riboseqorf19	7	PTGER4	False
c5riboseqorf25	7	PELO	False
c5riboseqorf26	7	PELO	False
c5riboseqorf30	7	NM_001364275.2	True
c5riboseqorf32	7	NM_001048249.4	True
c5riboseqorf35	7	MAST4	False
c5riboseqorf36	7	XM_047417315.1	True
c5riboseqorf37	7	XM_047417315.1	True
c5riboseqorf38	5	SLC30A5	False
c5riboseqorf40	7	BDP1	False
c5riboseqorf43	7	AGGF1	False
c5riboseqorf45	7	NM_032367.4	True
c5riboseqorf46	7	ZBED3	False
c5riboseqorf50	7	HOMER1	False
c5riboseqorf51	7	HOMER1	False
c5riboseqorf52	7	TENT2	False
c5riboseqorf57	7	RASA1	False
c5riboseqorf58	7	CCNH	False
c5riboseqorf59	7	LYSMD3	False
c5riboseqorf61	7	NR2F1	False
c5riboseqorf62	7	NR2F1	False
c5riboseqorf63	7	RHOBTB3	False
c5riboseqorf65	7	ELL2	False
c5riboseqorf66	7	XM_047417490.1	True
c5riboseqorf68	7	RGMB	False
c5riboseqorf69	7	FAM174A	False
c5riboseqorf70	7	PAM	False
c5riboseqorf71	7	NM_005246.4	True
c5riboseqorf74	7	NM_020177.3	True
c5riboseqorf75	7	FEM1C	False
c5riboseqorf77	7	DMXL1	False
c5riboseqorf78	7	CSNK1G3	False
c5riboseqorf79	7	CSNK1G3	False
c5riboseqorf80	7	CSNK1G3	False
c5riboseqorf81	5	GRAMD2B	False
c5riboseqorf88	7	FBN2	False
c5riboseqorf89	7	XM_047417393.1	True
c5riboseqorf90	7	SAR1B	False
c5riboseqorf91	7	PITX1	False
c5riboseqorf92	7	XM_017009470.3	True
c5riboseqorf93	7	XM_024446046.2	True
c5riboseqorf94	7	KLHL3	False
c5riboseqorf95	7	NM_016605.3	True
c5riboseqorf96	7	NM_004730.4	True
c5riboseqorf97	7	STING1	False
c5riboseqorf98	7	TAF7	False
c5riboseqorf99	7	RELL2	False
c5riboseqorf100	7	XM_047417903.1	True
c5riboseqorf101	7	FGF1	False
c5riboseqorf105	7	ABLIM3	False
c5riboseqorf106	7	ABLIM3	False
c5riboseqorf108	7	NM_001543.5	True
c5riboseqorf109	7	SYNPO	False
c5riboseqorf112	7	MFAP3	False
c5riboseqorf113	7	MED7	False
c5riboseqorf114	7	RNF145	False
c5riboseqorf115	7	ZBED8	False
c5riboseqorf116	7	PTTG1	False
c5riboseqorf121	7	NKX2-5	False
c5riboseqorf122	5	.	False
c5riboseqorf123	7	CPEB4	False
c5riboseqorf124	7	CPEB4	False
c5riboseqorf125	7	NM_001367711.1	True
c5riboseqorf126	7	KIAA1191	False
c5riboseqorf127	7	KIAA1191	False
c5riboseqorf128	7	PRELID1	False
c5riboseqorf131	7	NM_001174102.3	True
c5riboseqorf132	7	PHYKPL	False
c5riboseqorf134	5	.	False
c5riboseqorf135	7	CNOT6	False
c5riboseqorf138	7	MGAT1	False
c5riboseqorf139	7	MGAT1	False
c5riboseqorf141	7	MGAT1	False
c5riboseqorf146	7	TRIM41	False
c6riboseqorf1	7	WRNIP1	False
c6riboseqorf4	7	NM_001292008.2	True
c6riboseqorf5	7	RIOK1	False
c6riboseqorf6	7	TFAP2A	False
c6riboseqorf9	7	GFOD1	False
c6riboseqorf10	7	NM_031244.3	True
c6riboseqorf13	7	NM_001128164.2	True
c6riboseqorf16	7	SOX4	False
c6riboseqorf18	7	XM_047418079.1	True
c6riboseqorf20	7	BTN2A2	False
c6riboseqorf21	7	BTN3A1	False
c6riboseqorf23	7	NM_001242798.2	True
c6riboseqorf25	7	ZNF391	False
c6riboseqorf30	7	ZKSCAN4	False
c6riboseqorf32	7	NM_006510.5	True
c6riboseqorf41	7	PRRC2A	False
c6riboseqorf43	7	NM_025258.3	True
c6riboseqorf46	7	DXO	False
c6riboseqorf47	5	GPSM3	False
c6riboseqorf48	7	BRD2	False
c6riboseqorf49	7	BRD2	False
c6riboseqorf50	7	BRD2	False
c6riboseqorf51	7	SLC39A7	False
c6riboseqorf52	7	B3GALT4	False
c6riboseqorf55	7	CUTA	False
c6riboseqorf56	7	SMIM29	False
c6riboseqorf57	7	NUDT3	False
c6riboseqorf60	7	ZNF76	False
c6riboseqorf61	7	PPARD	False
c6riboseqorf62	7	FGD2	False
c6riboseqorf63	7	RNF8	False
c6riboseqorf64	7	KCNK5	False
c6riboseqorf70	7	NM_014623.4	True
c6riboseqorf72	7	CYP39A1	False
c6riboseqorf73	7	NM_014452.5	True
c6riboseqorf77	7	CILK1	False
c6riboseqorf78	7	FBXO9	False
c6riboseqorf79	7	BMP5	False
c6riboseqorf80	7	RAB23	False
c6riboseqorf81	6	PTP4A1	False
c6riboseqorf82	7	PHF3	False
c6riboseqorf83	7	COL19A1	False
c6riboseqorf87	7	FILIP1	False
c6riboseqorf88	7	SENP6	False
c6riboseqorf89	7	IBTK	False
c6riboseqorf94	7	MANEA	False
c6riboseqorf96	7	MMS22L	False
c6riboseqorf100	7	SIM1	False
c6riboseqorf101	7	GRIK2	False
c6riboseqorf103	7	RTN4IP1	False
c6riboseqorf104	7	MTRES1	False
c6riboseqorf105	7	FOXO3	False
c6riboseqorf106	7	SESN1	False
c6riboseqorf107	7	NM_001024935.2	True
c6riboseqorf108	5	.	False
c6riboseqorf109	7	REV3L	False
c6riboseqorf113	5	LAMA4	False
c6riboseqorf114	7	DSE	False
c6riboseqorf115	7	RWDD1	False
c6riboseqorf118	7	NCOA7	False
c6riboseqorf121	7	NM_001242849.2	True
c6riboseqorf122	7	ECHDC1	False
c6riboseqorf123	7	PTPRK	False
c6riboseqorf125	7	NM_003569.3	True
c6riboseqorf126	7	HBS1L	False
c6riboseqorf128	7	BCLAF1	False
c6riboseqorf129	7	NHSL1	False
c6riboseqorf131	7	REPS1	False
c6riboseqorf132	7	PHACTR2	False
c6riboseqorf133	7	NM_001317159.2	True
c6riboseqorf134	7	LRP11	False
c6riboseqorf136	7	ZDHHC14	False
c6riboseqorf138	7	RSPH3	False
c7riboseqorf3	7	PDGFA	False
c7riboseqorf9	7	PSMG3	False
c7riboseqorf12	7	WIPI2	False
c7riboseqorf13	7	NM_001371292.1	True
c7riboseqorf18	7	SNX13	False
c7riboseqorf19	7	HDAC9	False
c7riboseqorf20	7	ITGB8	False
c7riboseqorf22	7	XM_011515589.3	True
c7riboseqorf23	7	C7orf31	False
c7riboseqorf24	7	HOXA1	False
c7riboseqorf27	7	NM_030661.5	True
c7riboseqorf28	7	NM_014817.4	True
c7riboseqorf29	7	PRR15	False
c7riboseqorf30	7	ZNRF2	False
c7riboseqorf31	7	NOD1	False
c7riboseqorf33	7	PDE1C	False
c7riboseqorf35	7	XM_005249696.3	True
c7riboseqorf36	7	BBS9	False
c7riboseqorf37	7	HERPUD2	False
c7riboseqorf39	7	EEPD1	False
c7riboseqorf55	7	ZNF736	False
c7riboseqorf58	7	TYW1	False
c7riboseqorf60	7	FZD9	False
c7riboseqorf67	7	CD36	False
c7riboseqorf68	7	NM_006080.3	True
c7riboseqorf69	7	XM_047421106.1	True
c7riboseqorf71	7	TMEM243	False
c7riboseqorf76	7	FZD1	False
c7riboseqorf77	7	FZD1	False
c7riboseqorf79	7	AKAP9	False
c7riboseqorf81	7	NM_001350675.1	True
c7riboseqorf82	7	NM_004912.4	True
c7riboseqorf83	7	BET1	False
c7riboseqorf84	7	CASD1	False
c7riboseqorf85	7	LMTK2	False
c7riboseqorf86	7	XM_017011937.2	True
c7riboseqorf87	5	.	False
c7riboseqorf88	7	BUD31	False
c7riboseqorf89	7	NM_001345968.2	True
c7riboseqorf91	5	ZKSCAN5	False
c7riboseqorf93	7	ZNF655	False
c7riboseqorf95	7	NM_030935.5	True
c7riboseqorf96	7	TSC22D4	False
c7riboseqorf97	7	MOSPD3	False
c7riboseqorf98	7	NM_030961.3	True
c7riboseqorf99	7	PLOD3	False
c7riboseqorf101	7	CUX1	False
c7riboseqorf102	7	NM_001126340.3	True
c7riboseqorf104	7	DNAJC2	False
c7riboseqorf107	7	KMT2E	False
c7riboseqorf108	7	DUS4L	False
c7riboseqorf114	7	THAP5	False
c7riboseqorf115	7	TMEM168	False
c7riboseqorf117	7	CPED1	False
c7riboseqorf123	7	TSPAN33	False
c7riboseqorf124	7	SMO	False
c7riboseqorf136	7	HIPK2	False
c7riboseqorf138	7	ADCK2	False
c7riboseqorf140	7	NM_001370660.1	True
c7riboseqorf143	7	CHPF2	False
c7riboseqorf144	7	CHPF2	False
c7riboseqorf146	7	SMARCD3	False
c7riboseqorf148	7	WDR86	False
c7riboseqorf149	7	RHEB	False
c7riboseqorf150	7	RHEB	False
c7riboseqorf151	7	PRKAG2	False
c7riboseqorf165	7	UBE3C	False
c8riboseqorf7	7	ANGPT2	False
c8riboseqorf8	7	MFHAS1	False
c8riboseqorf11	7	NM_053279.3	True
c8riboseqorf13	7	DLC1	False
c8riboseqorf14	7	TUSC3	False
c8riboseqorf17	7	MTUS1	False
c8riboseqorf20	7	NM_001354496.2	True
c8riboseqorf21	7	HR	False
c8riboseqorf22	7	CCAR2	False
c8riboseqorf23	7	EGR3	False
c8riboseqorf24	7	RHOBTB2	False
c8riboseqorf25	7	RHOBTB2	False
c8riboseqorf30	7	DOCK5	False
c8riboseqorf31	7	XM_017013844.2	True
c8riboseqorf32	7	EXTL3	False
c8riboseqorf33	7	XM_024447094.2	True
c8riboseqorf34	7	XM_047421517.1	True
c8riboseqorf35	7	XM_047421514.1	True
c8riboseqorf37	7	XM_011544681.4	True
c8riboseqorf40	7	NM_001363198.2	True
c8riboseqorf41	7	NM_001363197.2	True
c8riboseqorf42	7	NM_006766.5	True
c8riboseqorf45	7	SLC20A2	False
c8riboseqorf48	5	RB1CC1	False
c8riboseqorf50	7	PLAG1	False
c8riboseqorf52	7	MTFR1	False
c8riboseqorf53	7	MTFR1	False
c8riboseqorf57	5	.	False
c8riboseqorf58	7	SULF1	False
c8riboseqorf60	7	SLCO5A1	False
c8riboseqorf61	7	NCOA2	False
c8riboseqorf62	7	TRAM1	False
c8riboseqorf73	7	XM_047421285.1	True
c8riboseqorf74	7	TMEM64	False
c8riboseqorf75	7	NM_001190972.2	True
c8riboseqorf81	7	OSR2	False
c8riboseqorf82	7	OSR2	False
c8riboseqorf83	7	NCALD	False
c8riboseqorf87	7	AZIN1	False
c8riboseqorf88	7	NM_003506.4	True
c8riboseqorf89	5	.	False
c8riboseqorf90	5	NUDCD1	False
c8riboseqorf91	7	EBAG9	False
c8riboseqorf93	7	NM_000127.3	True
c8riboseqorf94	7	EXT1	False
c8riboseqorf95	7	TAF2	False
c8riboseqorf96	7	TAF2	False
c8riboseqorf97	5	.	False
c8riboseqorf98	7	NM_007222.5	True
c8riboseqorf99	7	TMEM65	False
c8riboseqorf100	7	MTSS1	False
c8riboseqorf101	7	SQLE	False
c8riboseqorf102	7	XM_047422502.1	True
c8riboseqorf103	7	LRATD2	False
c8riboseqorf109	7	NM_003033.4	True
c8riboseqorf113	7	XM_047422002.1	True
c8riboseqorf114	7	PTP4A3	False
c8riboseqorf115	7	ZFP41	False
c8riboseqorf116	7	NM_173832.6	True
c8riboseqorf118	7	MAF1	False
c8riboseqorf119	7	HSF1	False
c8riboseqorf120	5	SLC52A2	False
c8riboseqorf121	7	CYHR1	False
c8riboseqorf122	7	XM_047422332.1	True
c8riboseqorf123	7	PPP1R16A	False
c8riboseqorf124	7	MFSD3	False
c9riboseqorf6	7	LURAP1L	False
c9riboseqorf7	7	NFIB	False
c9riboseqorf8	7	XM_017014683.2	True
c9riboseqorf10	7	MLLT3	False
c9riboseqorf11	7	KLHL9	False
c9riboseqorf12	7	CDKN2B	False
c9riboseqorf13	7	XM_047423893.1	True
c9riboseqorf15	7	NM_015397.4	True
c9riboseqorf16	7	UBAP1	False
c9riboseqorf18	7	RPP25L	False
c9riboseqorf21	7	UNC13B	False
c9riboseqorf22	7	UNC13B	False
c9riboseqorf23	7	RUSC2	False
c9riboseqorf25	7	GBA2	False
c9riboseqorf36	7	SHB	False
c9riboseqorf40	7	KLF9	False
c9riboseqorf41	7	KLF9	False
c9riboseqorf42	7	CEMIP2	False
c9riboseqorf43	7	GCNT1	False
c9riboseqorf44	7	CEP78	False
c9riboseqorf45	7	TLE1	False
c9riboseqorf49	7	NM_002048.3	True
c9riboseqorf50	7	GAS1	False
c9riboseqorf53	7	NM_001290000.2	True
c9riboseqorf54	7	NOL8	False
c9riboseqorf56	7	FAM120AOS	False
c9riboseqorf61	7	TRIM14	False
c9riboseqorf63	7	FKTN	False
c9riboseqorf64	7	KLF4	False
c9riboseqorf65	7	NM_001330749.2	True
c9riboseqorf67	7	NM_139286.4	True
c9riboseqorf68	7	NM_031219.4	True
c9riboseqorf70	7	MEGF9	False
c9riboseqorf75	7	CNTRL	False
c9riboseqorf77	7	MRRF	False
c9riboseqorf78	7	RC3H2	False
c9riboseqorf80	7	NEK6	False
c9riboseqorf81	7	RABEPK	False
c9riboseqorf82	7	ST6GALNAC4	False
c9riboseqorf84	7	FAM102A	False
c9riboseqorf86	7	PKN3	False
c9riboseqorf87	7	XM_047423600.1	True
c9riboseqorf89	7	PTPA	False
c9riboseqorf97	7	ABL1	False
c9riboseqorf98	7	PRRC2B	False
c9riboseqorf99	7	XM_011518406.3	True
c9riboseqorf101	7	GTF3C5	False
c9riboseqorf102	7	RALGDS	False
c9riboseqorf103	7	NM_001355256.2	True
c9riboseqorf105	7	OLFM1	False
c9riboseqorf109	7	INPP5E	False
c9riboseqorf112	7	RABL6	False
c9riboseqorf113	7	XM_005266089.3	True
c9riboseqorf117	7	NRARP	False
c9riboseqorf119	7	NSMF	False
c10riboseqorf3	7	NET1	False
c10riboseqorf10	7	USP6NL	False
c10riboseqorf12	5	NUDT5	False
c10riboseqorf14	7	MINDY3	False
c10riboseqorf15	7	CACNB2	False
c10riboseqorf16	7	NSUN6	False
c10riboseqorf18	7	BMI1	False
c10riboseqorf19	7	BMI1	False
c10riboseqorf21	7	ACBD5	False
c10riboseqorf24	7	WAC	False
c10riboseqorf25	7	SVIL	False
c10riboseqorf28	7	NRP1	False
c10riboseqorf30	7	ZNF37A	False
c10riboseqorf34	7	MARCHF8	False
c10riboseqorf35	7	ZFAND4	False
c10riboseqorf36	7	ZFAND4	False
c10riboseqorf37	7	XM_005269477.4	True
c10riboseqorf39	7	XM_047424982.1	True
c10riboseqorf42	7	FAM13C	False
c10riboseqorf43	7	SLC16A9	False
c10riboseqorf44	7	ANK3	False
c10riboseqorf45	7	RHOBTB1	False
c10riboseqorf46	7	JMJD1C	False
c10riboseqorf60	7	ADK	False
c10riboseqorf61	5	ADK	False
c10riboseqorf63	7	XM_047424911.1	True
c10riboseqorf66	7	KCNMA1	False
c10riboseqorf67	7	CDHR1	False
c10riboseqorf68	7	WAPL	False
c10riboseqorf70	7	XM_047425680.1	True
c10riboseqorf73	7	PTEN	False
c10riboseqorf74	7	STAMBPL1	False
c10riboseqorf75	7	XM_047425846.1	True
c10riboseqorf76	7	NM_152429.5	True
c10riboseqorf77	7	BTAF1	False
c10riboseqorf84	7	ZDHHC16	False
c10riboseqorf85	7	ZDHHC16	False
c10riboseqorf88	7	NM_020354.5	True
c10riboseqorf89	7	ERLIN1	False
c10riboseqorf93	7	SLF2	False
c10riboseqorf95	7	TWNK	False
c10riboseqorf96	7	TWNK	False
c10riboseqorf97	7	NM_001388031.1	True
c10riboseqorf98	7	LDB1	False
c10riboseqorf99	7	FBXL15	False
c10riboseqorf105	7	NM_024789.4	True
c10riboseqorf106	7	CNNM2	False
c10riboseqorf107	7	NM_024928.5	True
c10riboseqorf109	7	NM_007373.4	True
c10riboseqorf110	7	NM_022494.3	True
c10riboseqorf112	7	DCLRE1A	False
c10riboseqorf113	7	DCLRE1A	False
c10riboseqorf114	7	DCLRE1A	False
c10riboseqorf116	7	TRUB1	False
c10riboseqorf117	7	GFRA1	False
c10riboseqorf118	5	SHTN1	False
c10riboseqorf119	7	XM_011539265.3	True
c10riboseqorf120	7	RAB11FIP2	False
c10riboseqorf124	7	PLEKHA1	False
c10riboseqorf126	7	NM_001372127.1	True
c10riboseqorf128	7	NM_001270765.2	True
c10riboseqorf129	7	XM_047425333.1	True
c10riboseqorf132	7	LRRC27	False
c11riboseqorf1	5	.	False
c11riboseqorf2	7	RIC8A	False
c11riboseqorf8	5	NAP1L4	False
c11riboseqorf9	7	NM_001098794.2	True
c11riboseqorf12	7	NM_001376497.1	True
c11riboseqorf13	7	DENND5A	False
c11riboseqorf14	7	IPO7	False
c11riboseqorf15	7	SBF2	False
c11riboseqorf16	7	AMPD3	False
c11riboseqorf17	7	EIF4G2	False
c11riboseqorf18	7	NM_001143667.2	True
c11riboseqorf20	7	GALNT18	False
c11riboseqorf21	7	MICAL2	False
c11riboseqorf22	7	MICAL2	False
c11riboseqorf24	7	PDE3B	False
c11riboseqorf25	7	CYP2R1	False
c11riboseqorf27	5	GTF2H1	False
c11riboseqorf33	7	GAS2	False
c11riboseqorf34	7	FIBIN	False
c11riboseqorf35	7	LGR4	False
c11riboseqorf36	7	BDNF	False
c11riboseqorf40	7	HIPK3	False
c11riboseqorf41	7	ABTB2	False
c11riboseqorf42	7	FJX1	False
c11riboseqorf43	7	SLC35C1	False
c11riboseqorf44	7	SLC35C1	False
c11riboseqorf47	7	CREB3L1	False
c11riboseqorf55	7	NR1H3	False
c11riboseqorf56	5	.	False
c11riboseqorf57	7	XM_011544900.2	True
c11riboseqorf58	7	XM_011544899.2	True
c11riboseqorf59	7	XM_011544900.2	True
c11riboseqorf60	7	ZDHHC5	False
c11riboseqorf61	7	LPXN	False
c11riboseqorf64	7	NM_001374853.1	True
c11riboseqorf65	7	XM_011544821.3	True
c11riboseqorf66	7	CYB561A3	False
c11riboseqorf70	7	TTC9C	False
c11riboseqorf77	5	MARK2	False
c11riboseqorf79	7	PPP1R14B	False
c11riboseqorf80	7	BAD	False
c11riboseqorf81	7	GPR137	False
c11riboseqorf82	5	.	False
c11riboseqorf88	7	EHBP1L1	False
c11riboseqorf89	7	MAP3K11	False
c11riboseqorf90	7	PCNX3	False
c11riboseqorf91	7	CCDC85B	False
c11riboseqorf92	7	CNIH2	False
c11riboseqorf93	7	YIF1A	False
c11riboseqorf96	7	PITPNM1	False
c11riboseqorf100	7	MYEOV	False
c11riboseqorf101	7	MYEOV	False
c11riboseqorf103	7	XM_006718448.5	True
c11riboseqorf107	7	NM_015531.6	True
c11riboseqorf109	7	SLCO2B1	False
c11riboseqorf110	7	UVRAG	False
c11riboseqorf113	5	RSF1	False
c11riboseqorf121	7	CCDC90B	False
c11riboseqorf122	7	NM_001350396.2	True
c11riboseqorf124	7	SYTL2	False
c11riboseqorf125	7	PANX1	False
c11riboseqorf126	7	AMOTL1	False
c11riboseqorf127	7	AMOTL1	False
c11riboseqorf128	7	BIRC2	False
c11riboseqorf129	7	NM_001166.5	True
c11riboseqorf130	7	XM_006718767.4	True
c11riboseqorf131	7	ALKBH8	False
c11riboseqorf132	7	CUL5	False
c11riboseqorf135	7	NKAPD1	False
c11riboseqorf136	7	NKAPD1	False
c11riboseqorf139	7	ZBTB16	False
c11riboseqorf140	5	.	False
c11riboseqorf141	7	C11orf71	False
c11riboseqorf142	7	SIDT2	False
c11riboseqorf144	7	BACE1	False
c11riboseqorf145	7	BCL9L	False
c11riboseqorf148	7	NM_001164278.2	True
c11riboseqorf149	7	RNF26	False
c11riboseqorf150	7	ARHGEF12	False
c11riboseqorf152	7	CLMP	False
c11riboseqorf156	5	.	False
c11riboseqorf158	7	KIRREL3	False
c11riboseqorf159	7	XM_047427311.1	True
c11riboseqorf160	7	APLP2	False
c11riboseqorf161	7	SNX19	False
c11riboseqorf163	7	THYN1	False
c12riboseqorf2	7	WNK1	False
c12riboseqorf3	7	WNK1	False
c12riboseqorf4	7	NM_001319292.2	True
c12riboseqorf5	7	RHNO1	False
c12riboseqorf6	7	KCNA5	False
c12riboseqorf7	7	TNFRSF1A	False
c12riboseqorf12	5	C12orf57	False
c12riboseqorf14	7	C1S	False
c12riboseqorf16	7	SLC2A3	False
c12riboseqorf17	5	M6PR	False
c12riboseqorf20	7	ETV6	False
c12riboseqorf22	7	XM_011520856.2	True
c12riboseqorf23	7	CREBL2	False
c12riboseqorf26	7	CMAS	False
c12riboseqorf28	7	C2CD5	False
c12riboseqorf31	7	INTS13	False
c12riboseqorf32	7	FGFR1OP2	False
c12riboseqorf33	7	IPO8	False
c12riboseqorf40	5	ANO6	False
c12riboseqorf45	7	SLC38A1	False
c12riboseqorf46	7	XM_005269224.6	True
c12riboseqorf47	7	TMEM106C	False
c12riboseqorf49	5	LMBR1L	False
c12riboseqorf50	7	NM_001304944.2	True
c12riboseqorf55	7	LIMA1	False
c12riboseqorf56	7	SLC11A2	False
c12riboseqorf57	7	KRT8	False
c12riboseqorf60	7	NM_001004304.4	True
c12riboseqorf61	7	RARG	False
c12riboseqorf67	7	NM_001351239.2	True
c12riboseqorf68	7	CBX5	False
c12riboseqorf69	7	CD63	False
c12riboseqorf71	7	MYL6B	False
c12riboseqorf72	7	XM_047428054.1	True
c12riboseqorf73	7	NABP2	False
c12riboseqorf74	7	NABP2	False
c12riboseqorf75	7	NABP2	False
c12riboseqorf81	7	CDK4	False
c12riboseqorf82	7	MARCHF9	False
c12riboseqorf89	7	PPM1H	False
c12riboseqorf90	7	XM_047428194.1	True
c12riboseqorf91	7	DYRK2	False
c12riboseqorf92	7	SLC35E3	False
c12riboseqorf94	7	NM_201550.4	True
c12riboseqorf95	7	RAB3IP	False
c12riboseqorf96	7	KCNMB4	False
c12riboseqorf98	7	TMEM19	False
c12riboseqorf101	7	XM_011538762.4	True
c12riboseqorf102	7	TMTC3	False
c12riboseqorf103	7	NM_000899.5	True
c12riboseqorf105	5	POC1B	False
c12riboseqorf106	7	NM_001366528.1	True
c12riboseqorf108	7	BTG1	False
c12riboseqorf109	7	NUDT4	False
c12riboseqorf112	7	FGD6	False
c12riboseqorf115	5	IKBIP	False
c12riboseqorf116	7	UHRF1BP1L	False
c12riboseqorf117	7	UHRF1BP1L	False
c12riboseqorf118	5	C12orf73	False
c12riboseqorf119	7	TXNRD1	False
c12riboseqorf120	5	.	False
c12riboseqorf122	7	UBE3B	False
c12riboseqorf123	7	UBE3B	False
c12riboseqorf126	7	PPTC7	False
c12riboseqorf127	7	PHETA1	False
c12riboseqorf134	7	MAPKAPK5	False
c12riboseqorf136	7	TRAFD1	False
c12riboseqorf137	7	TRAFD1	False
c12riboseqorf138	7	RITA1	False
c12riboseqorf140	7	TPCN1	False
c12riboseqorf141	7	SLC8B1	False
c12riboseqorf148	7	DYNLL1	False
c12riboseqorf154	7	SPPL3	False
c12riboseqorf155	7	RNF34	False
c12riboseqorf158	7	XM_047428066.1	True
c12riboseqorf160	7	TCTN2	False
c12riboseqorf161	7	NM_152437.3	True
c12riboseqorf162	7	NM_001204298.2	True
c12riboseqorf163	7	NM_152437.3	True
c12riboseqorf164	7	NM_152437.3	True
c12riboseqorf165	7	SCARB1	False
c12riboseqorf166	7	PUS1	False
c12riboseqorf167	7	NM_001277291.2	True
c12riboseqorf168	5	ZNF10	False
c13riboseqorf2	7	GJA3	False
c13riboseqorf3	7	XM_005266342.1	True
c13riboseqorf4	7	LATS2	False
c13riboseqorf5	7	TNFRSF19	False
c13riboseqorf6	7	SPATA13	False
c13riboseqorf7	7	XM_017020687.2	True
c13riboseqorf8	7	CDK8	False
c13riboseqorf13	7	MTUS2	False
c13riboseqorf15	7	UBL3	False
c13riboseqorf16	7	UBL3	False
c13riboseqorf17	7	UBL3	False
c13riboseqorf19	7	XM_005266454.5	True
c13riboseqorf20	7	PROSER1	False
c13riboseqorf21	5	NHLRC3	False
c13riboseqorf24	7	KBTBD6	False
c13riboseqorf29	4	LOC124903172	False
c13riboseqorf30	7	FNDC3A	False
c13riboseqorf31	7	CDADC1	False
c13riboseqorf38	7	DACH1	False
c13riboseqorf39	7	FBXL3	False
c13riboseqorf40	7	NM_001318537.1	True
c13riboseqorf44	7	MBNL2	False
c13riboseqorf45	7	NM_001382673.1	True
c13riboseqorf46	7	RAP2A	False
c13riboseqorf50	7	NM_001286453.3	True
c13riboseqorf52	7	POGLUT2	False
c13riboseqorf53	7	BIVM	False
c13riboseqorf54	7	BIVM	False
c13riboseqorf56	7	ABHD13	False
c13riboseqorf58	7	NM_017905.6	True
c14riboseqorf1	7	NM_021178.5	True
c14riboseqorf3	7	ANG	False
c14riboseqorf4	7	XM_011536709.4	True
c14riboseqorf5	7	XM_047431329.1	True
c14riboseqorf7	7	AJUBA	False
c14riboseqorf8	7	XM_047431661.1	True
c14riboseqorf9	7	SLC7A8	False
c14riboseqorf10	7	THTPA	False
c14riboseqorf11	7	THTPA	False
c14riboseqorf16	7	DCAF11	False
c14riboseqorf18	7	GMPR2	False
c14riboseqorf19	7	TINF2	False
c14riboseqorf20	7	RABGGTA	False
c14riboseqorf22	7	G2E3	False
c14riboseqorf28	7	XM_047430972.1	True
c14riboseqorf31	7	C14orf28	False
c14riboseqorf32	7	TOGARAM1	False
c14riboseqorf33	7	SAV1	False
c14riboseqorf39	7	SOCS4	False
c14riboseqorf44	7	EXOC5	False
c14riboseqorf45	7	AP5M1	False
c14riboseqorf58	7	PPM1A	False
c14riboseqorf60	7	SLC38A6	False
c14riboseqorf64	7	RHOJ	False
c14riboseqorf65	7	NM_001382424.1	True
c14riboseqorf67	7	PLEKHG3	False
c14riboseqorf68	7	FUT8	False
c14riboseqorf69	7	XM_047431693.1	True
c14riboseqorf71	5	SLC39A9	False
c14riboseqorf74	7	TTC9	False
c14riboseqorf76	7	PCNX1	False
c14riboseqorf78	7	XM_011536632.2	True
c14riboseqorf79	7	NM_021260.4	True
c14riboseqorf82	7	PNMA1	False
c14riboseqorf83	7	XM_047431975.1	True
c14riboseqorf86	7	XM_011537415.3	True
c14riboseqorf87	7	XM_047432017.1	True
c14riboseqorf88	7	XM_047431801.1	True
c14riboseqorf91	7	TTLL5	False
c14riboseqorf94	7	FLRT2	False
c14riboseqorf96	7	XM_005267287.4	True
c14riboseqorf99	7	NM_001102369.3	True
c14riboseqorf100	5	PPP4R3A	False
c14riboseqorf101	7	TRIP11	False
c14riboseqorf102	7	TRIP11	False
c14riboseqorf103	7	CPSF2	False
c14riboseqorf104	7	TMEM251	False
c14riboseqorf105	7	DICER1	False
c14riboseqorf109	7	ATG2B	False
c14riboseqorf110	7	EVL	False
c14riboseqorf111	7	EVL	False
c14riboseqorf113	7	WDR20	False
c14riboseqorf114	7	MOK	False
c14riboseqorf116	7	CDC42BPB	False
c14riboseqorf118	7	MARK3	False
c14riboseqorf119	7	MARK3	False
c14riboseqorf124	7	BRF1	False
c15riboseqorf1	7	NIPA2	False
c15riboseqorf3	7	SNRPN	False
c15riboseqorf6	7	KLF13	False
c15riboseqorf11	7	MEIS2	False
c15riboseqorf12	7	MEIS2	False
c15riboseqorf13	7	MEIS2	False
c15riboseqorf20	7	GANC	False
c15riboseqorf21	7	TTBK2	False
c15riboseqorf22	7	ADAL	False
c15riboseqorf24	7	SERF2	False
c15riboseqorf27	4	LOC100419583	False
c15riboseqorf31	7	SEMA6D	False
c15riboseqorf40	7	XM_047432852.1	True
c15riboseqorf45	7	NM_001014812.3	True
c15riboseqorf47	7	IGDCC3	False
c15riboseqorf49	7	SMAD6	False
c15riboseqorf51	7	SMAD6	False
c15riboseqorf52	7	SMAD6	False
c15riboseqorf53	7	FEM1B	False
c15riboseqorf54	7	TLE3	False
c15riboseqorf55	7	MYO9A	False
c15riboseqorf56	7	XM_047432875.1	True
c15riboseqorf57	7	INSYN1	False
c15riboseqorf62	7	LOXL1	False
c15riboseqorf63	7	LOXL1	False
c15riboseqorf65	7	UBL7	False
c15riboseqorf72	5	SNUPN	False
c15riboseqorf73	7	NM_018285.4	True
c15riboseqorf74	7	SNX33	False
c15riboseqorf75	7	XM_047433072.1	True
c15riboseqorf79	7	TLNRD1	False
c15riboseqorf80	7	TLNRD1	False
c15riboseqorf81	7	TLNRD1	False
c15riboseqorf82	7	TLNRD1	False
c15riboseqorf85	7	XM_011522247.3	True
c15riboseqorf86	7	PDE8A	False
c15riboseqorf87	7	ABHD2	False
c15riboseqorf88	7	FANCI	False
c15riboseqorf89	7	NM_001126131.2	True
c15riboseqorf90	7	NM_001382622.1	True
c15riboseqorf94	7	NR2F2	False
c15riboseqorf95	7	NR2F2	False
c15riboseqorf96	7	NR2F2	False
c15riboseqorf97	5	NR2F2	False
c15riboseqorf98	7	IGF1R	False
c15riboseqorf99	7	LINS1	False
c15riboseqorf100	7	ASB7	False
c15riboseqorf102	7	XM_047433034.1	True
c15riboseqorf103	7	CHSY1	False
c16riboseqorf3	7	AXIN1	False
c16riboseqorf4	7	PGAP6	False
c16riboseqorf6	7	WDR24	False
c16riboseqorf7	7	WDR24	False
c16riboseqorf9	7	NM_001089.3	True
c16riboseqorf10	7	XM_017023494.2	True
c16riboseqorf12	7	THOC6	False
c16riboseqorf16	7	ZSCAN32	False
c16riboseqorf17	7	ZNF174	False
c16riboseqorf19	7	NM_032444.4	True
c16riboseqorf20	7	XM_011522715.4	True
c16riboseqorf21	7	UBN1	False
c16riboseqorf22	7	XM_017023660.2	True
c16riboseqorf23	7	ABAT	False
c16riboseqorf27	7	DEXI	False
c16riboseqorf31	7	NM_001330500.2	True
c16riboseqorf32	5	RPS15A	False
c16riboseqorf33	7	ITPRIPL2	False
c16riboseqorf34	7	CCP110	False
c16riboseqorf36	7	LYRM1	False
c16riboseqorf37	7	XM_006721067.5	True
c16riboseqorf41	7	TNRC6A	False
c16riboseqorf42	7	LCMT1	False
c16riboseqorf43	7	ZKSCAN2	False
c16riboseqorf45	7	SBK1	False
c16riboseqorf46	7	CLN3	False
c16riboseqorf54	7	ZNF689	False
c16riboseqorf55	7	PRR14	False
c16riboseqorf56	5	PRR14	False
c16riboseqorf57	7	FBRS	False
c16riboseqorf64	7	ZNF668	False
c16riboseqorf66	7	GPT2	False
c16riboseqorf67	7	NETO2	False
c16riboseqorf69	7	XM_047433661.1	True
c16riboseqorf70	7	XM_047434688.1	True
c16riboseqorf72	7	IRX3	False
c16riboseqorf82	7	XM_024450483.2	True
c16riboseqorf84	7	NM_005886.3	True
c16riboseqorf85	7	USB1	False
c16riboseqorf87	7	MMP15	False
c16riboseqorf88	7	NM_001265612.2	True
c16riboseqorf89	7	SLC38A7	False
c16riboseqorf91	7	CES2	False
c16riboseqorf92	7	CES2	False
c16riboseqorf93	7	CES2	False
c16riboseqorf94	7	NM_001276312.3	True
c16riboseqorf95	7	KIAA0895L	False
c16riboseqorf96	7	KIAA0895L	False
c16riboseqorf99	7	ZDHHC1	False
c16riboseqorf102	7	XM_047434724.1	True
c16riboseqorf108	7	NM_006927.4	True
c16riboseqorf109	7	NM_006927.4	True
c16riboseqorf110	7	NM_006927.4	True
c16riboseqorf111	7	NM_006927.4	True
c16riboseqorf112	7	MTSS2	False
c16riboseqorf113	7	VAC14	False
c16riboseqorf114	7	ATXN1L	False
c16riboseqorf120	7	MON1B	False
c16riboseqorf121	7	MAF	False
c16riboseqorf122	5	CENPN	False
c16riboseqorf125	7	HSD17B2	False
c16riboseqorf126	7	CDH13	False
c16riboseqorf127	7	XM_047434831.1	True
c16riboseqorf129	7	KLHL36	False
c16riboseqorf131	7	C16orf74	False
c16riboseqorf132	5	EMC8	False
c16riboseqorf139	7	ANKRD11	False
c16riboseqorf140	7	RPL13	False
c16riboseqorf146	5	CENPBD1P	False
c16riboseqorf147	5	CENPBD1P	False
c17riboseqorf11	7	SGSM2	False
c17riboseqorf12	7	METTL16	False
c17riboseqorf17	7	CXCL16	False
c17riboseqorf18	7	MINK1	False
c17riboseqorf19	7	C17orf107	False
c17riboseqorf27	7	C17orf100	False
c17riboseqorf28	7	ELP5	False
c17riboseqorf31	7	CYB5D1	False
c17riboseqorf32	7	RPL26	False
c17riboseqorf33	7	MYOCD	False
c17riboseqorf34	7	HS3ST3A1	False
c17riboseqorf37	7	HS3ST3B1	False
c17riboseqorf38	7	NCOR1	False
c17riboseqorf44	7	XM_011523721.4	True
c17riboseqorf45	7	NT5M	False
c17riboseqorf46	7	RAI1	False
c17riboseqorf48	7	XM_017024953.3	True
c17riboseqorf49	7	NM_148921.4	True
c17riboseqorf50	7	NM_014964.5	True
c17riboseqorf51	7	AKAP10	False
c17riboseqorf62	7	PHF12	False
c17riboseqorf64	5	RAD51L3-RFFL	False
c17riboseqorf66	7	NM_000286.3	True
c17riboseqorf68	7	XM_047436834.1	True
c17riboseqorf71	7	PIGW	False
c17riboseqorf73	7	MED1	False
c17riboseqorf74	7	NR1D1	False
c17riboseqorf78	7	IGFBP4	False
c17riboseqorf87	7	GHDC	False
c17riboseqorf91	7	TUBG2	False
c17riboseqorf92	7	BECN1	False
c17riboseqorf98	5	UBTF	False
c17riboseqorf99	7	DBF4B	False
c17riboseqorf106	7	NM_001330262.2	True
c17riboseqorf109	7	HOXB6	False
c17riboseqorf117	7	NME1-NME2	False
c17riboseqorf121	7	C17orf67	False
c17riboseqorf125	7	RNF43	False
c17riboseqorf126	7	RNF43	False
c17riboseqorf127	7	XM_024450828.2	True
c17riboseqorf129	7	NM_016125.4	True
c17riboseqorf130	7	USP32	False
c17riboseqorf131	7	MAP3K3	False
c17riboseqorf132	7	PSMC5	False
c17riboseqorf135	7	SMURF2	False
c17riboseqorf137	7	AMZ2	False
c17riboseqorf144	7	NM_012121.5	True
c17riboseqorf145	7	CDR2L	False
c17riboseqorf146	7	CDR2L	False
c17riboseqorf150	7	NM_020753.5	True
c17riboseqorf152	7	TEN1	False
c17riboseqorf162	7	METTL23	False
c17riboseqorf163	7	SEC14L1	False
c17riboseqorf168	7	SEPTIN9	False
c17riboseqorf170	7	NM_138793.4	True
c17riboseqorf172	7	TBC1D16	False
c17riboseqorf173	7	RPTOR	False
c17riboseqorf179	7	LRRC45	False
c18riboseqorf2	7	NM_022840.5	True
c18riboseqorf16	7	RAB12	False
c18riboseqorf17	7	ANKRD12	False
c18riboseqorf18	7	RALBP1	False
c18riboseqorf20	7	ROCK1	False
c18riboseqorf21	7	XM_011525798.2	True
c18riboseqorf26	7	RBBP8	False
c18riboseqorf27	7	RBBP8	False
c18riboseqorf30	7	TAF4B	False
c18riboseqorf31	7	KCTD1	False
c18riboseqorf32	7	CHST9	False
c18riboseqorf34	7	RNF138	False
c18riboseqorf35	7	DTNA	False
c18riboseqorf36	7	DTNA	False
c18riboseqorf40	7	PIK3C3	False
c18riboseqorf41	7	PIAS2	False
c18riboseqorf42	7	SMAD7	False
c18riboseqorf44	7	XM_017025839.3	True
c18riboseqorf45	7	XM_017025839.3	True
c18riboseqorf46	7	XM_005258299.4	True
c18riboseqorf48	7	TCF4	False
c18riboseqorf53	7	PIGN	False
c18riboseqorf54	7	BCL2	False
c18riboseqorf57	7	HMSD	False
c18riboseqorf58	7	NM_032160.3	True
c18riboseqorf59	7	NM_032160.3	True
c18riboseqorf60	7	XM_047437941.1	True
c18riboseqorf61	7	NETO1	False
c18riboseqorf62	7	NM_001914.4	True
c19riboseqorf2	7	PALM	False
c19riboseqorf4	7	STK11	False
c19riboseqorf7	7	ADAT3	False
c19riboseqorf9	7	NM_001319.7	True
c19riboseqorf12	7	MATK	False
c19riboseqorf13	7	FEM1A	False
c19riboseqorf21	7	NM_001385201.1	True
c19riboseqorf22	7	ATG4D	False
c19riboseqorf25	7	CCDC159	False
c19riboseqorf26	7	NM_001393895.1	True
c19riboseqorf28	7	ECSIT	False
c19riboseqorf29	7	ZNF69	False
c19riboseqorf31	7	NM_001351760.2	True
c19riboseqorf33	5	IER2	False
c19riboseqorf40	7	MYO9B	False
c19riboseqorf41	7	NR2F6	False
c19riboseqorf44	7	NM_005027.4	True
c19riboseqorf45	7	NM_005027.4	True
c19riboseqorf48	5	ZNF714	False
c19riboseqorf50	7	ZNF429	False
c19riboseqorf66	7	URI1	False
c19riboseqorf68	7	FAAP24	False
c19riboseqorf70	7	NM_014686.5	True
c19riboseqorf71	7	NM_014686.5	True
c19riboseqorf72	7	NM_014686.5	True
c19riboseqorf73	7	ZNF599	False
c19riboseqorf76	7	ARHGAP33	False
c19riboseqorf78	5	.	False
c19riboseqorf80	7	NM_001099639.2	True
c19riboseqorf81	7	NM_001099638.2	True
c19riboseqorf82	7	XM_005259214.4	True
c19riboseqorf83	7	XM_047439368.1	True
c19riboseqorf91	7	NM_001012756.3	True
c19riboseqorf99	7	ZNF568	False
c19riboseqorf100	7	ZNF568	False
c19riboseqorf104	7	ZNF875	False
c19riboseqorf106	7	XM_047438490.1	True
c19riboseqorf107	7	XM_047438490.1	True
c19riboseqorf108	5	.	False
c19riboseqorf110	7	SUPT5H	False
c19riboseqorf113	7	SERTAD1	False
c19riboseqorf115	7	EGLN2	False
c19riboseqorf116	7	MEGF8	False
c19riboseqorf118	7	XM_005258786.4	True
c19riboseqorf120	7	XM_017027222.2	True
c19riboseqorf121	7	ZNF45	False
c19riboseqorf122	7	XM_047439383.1	True
c19riboseqorf124	7	ZNF180	False
c19riboseqorf125	7	PPP1R37	False
c19riboseqorf130	7	DHX34	False
c19riboseqorf133	7	DBP	False
c19riboseqorf135	7	PPP1R15A	False
c19riboseqorf136	7	PPP1R15A	False
c19riboseqorf137	7	RUVBL2	False
c19riboseqorf138	7	PIH1D1	False
c19riboseqorf139	7	IRF3	False
c19riboseqorf141	7	AKT1S1	False
c19riboseqorf142	7	AKT1S1	False
c19riboseqorf143	5	.	False
c19riboseqorf148	7	XM_047439238.1	True
c19riboseqorf149	7	NM_025040.4	True
c19riboseqorf151	7	ZNF841	False
c19riboseqorf153	7	NM_173530.3	True
c19riboseqorf155	7	NM_001161501.1	True
c19riboseqorf162	7	CCDC106	False
c19riboseqorf163	7	ZSCAN5A	False
c19riboseqorf167	7	ZNF543	False
c19riboseqorf168	7	ZNF304	False
c19riboseqorf169	7	ZNF548	False
c19riboseqorf170	7	ZNF17	False
c19riboseqorf173	7	ZNF586	False
c19riboseqorf174	4	.	False
c19riboseqorf187	7	MZF1	False
c19riboseqorf188	7	MZF1	False
c20riboseqorf2	7	SOX12	False
c20riboseqorf3	5	RBCK1	False
c20riboseqorf5	7	PCED1A	False
c20riboseqorf6	7	PTPRA	False
c20riboseqorf9	7	NM_021826.5	True
c20riboseqorf10	7	NM_001388190.1	True
c20riboseqorf11	7	MAVS	False
c20riboseqorf12	7	XM_047440619.1	True
c20riboseqorf13	7	NM_001330987.2	True
c20riboseqorf14	7	TMEM230	False
c20riboseqorf15	7	CRLS1	False
c20riboseqorf16	7	BMP2	False
c20riboseqorf17	7	BMP2	False
c20riboseqorf18	7	ANKEF1	False
c20riboseqorf19	7	NM_001394149.1	True
c20riboseqorf20	7	NM_000214.3	True
c20riboseqorf21	7	TASP1	False
c20riboseqorf24	7	NINL	False
c20riboseqorf25	5	BCL2L1	False
c20riboseqorf29	7	E2F1	False
c20riboseqorf30	7	EIF2S2	False
c20riboseqorf31	7	NM_001324198.2	True
c20riboseqorf40	7	JPH2	False
c20riboseqorf44	7	ACOT8	False
c20riboseqorf49	7	XM_047440163.1	True
c20riboseqorf50	7	NM_001318253.2	True
c20riboseqorf53	7	NM_001135773.2	True
c20riboseqorf54	7	UBE2V1	False
c20riboseqorf55	7	RAB22A	False
c20riboseqorf57	7	NM_014835.5	True
c20riboseqorf59	7	DIDO1	False
c20riboseqorf62	7	NM_016434.4	True
c21riboseqorf5	5	ATP5PF	False
c21riboseqorf6	5	ATP5PF	False
c21riboseqorf7	7	CYYR1	False
c21riboseqorf9	7	BACH1	False
c21riboseqorf10	7	SCAF4	False
c21riboseqorf12	7	ITSN1	False
c21riboseqorf13	5	RCAN1	False
c21riboseqorf14	7	RUNX1	False
c21riboseqorf17	5	.	False
c21riboseqorf19	7	WDR4	False
c22riboseqorf1	7	PEX26	False
c22riboseqorf3	7	PEX26	False
c22riboseqorf4	7	HIRA	False
c22riboseqorf6	7	NM_022720.7	True
c22riboseqorf8	7	NM_023004.6	True
c22riboseqorf9	7	ZNF74	False
c22riboseqorf13	7	NM_014634.4	True
c22riboseqorf14	7	NM_002073.4	True
c22riboseqorf15	7	CABIN1	False
c22riboseqorf17	7	NM_001278500.2	True
c22riboseqorf19	7	ASPHD2	False
c22riboseqorf20	7	XM_047441582.1	True
c22riboseqorf21	7	XM_047441563.1	True
c22riboseqorf22	7	NM_001349903.2	True
c22riboseqorf28	7	RHBDD3	False
c22riboseqorf30	7	NF2	False
c22riboseqorf34	7	LIMK2	False
c22riboseqorf36	7	XM_047441600.1	True
c22riboseqorf37	7	RBFOX2	False
c22riboseqorf38	5	TST	False
c22riboseqorf39	7	GGA1	False
c22riboseqorf40	7	JOSD1	False
c22riboseqorf41	7	JOSD1	False
c22riboseqorf42	7	MIEF1	False
c22riboseqorf44	7	NM_001350042.2	True
c22riboseqorf45	7	RANGAP1	False
c22riboseqorf46	7	ZC3H7B	False
c22riboseqorf47	7	POLR3H	False
c22riboseqorf49	7	NAGA	False
c22riboseqorf51	7	NM_001318038.3	True
c22riboseqorf52	7	PRR5-ARHGAP8	False
c22riboseqorf53	7	NUP50	False
c22riboseqorf59	7	ZBED4	False
c22riboseqorf61	7	NM_024105.4	True
cXriboseqorf2	7	NLGN4X	False
cXriboseqorf4	7	CLCN4	False
cXriboseqorf9	7	TRAPPC2	False
cXriboseqorf13	7	SH3KBP1	False
cXriboseqorf14	7	SMPX	False
cXriboseqorf16	7	SAT1	False
cXriboseqorf17	7	SYTL5	False
cXriboseqorf18	7	NM_021242.6	True
cXriboseqorf19	7	NM_021242.6	True
cXriboseqorf20	7	NM_021242.6	True
cXriboseqorf21	7	XM_047442548.1	True
cXriboseqorf24	7	CDK16	False
cXriboseqorf25	7	XM_047442475.1	True
cXriboseqorf28	7	FGD1	False
cXriboseqorf29	7	GNL3L	False
cXriboseqorf32	7	RRAGB	False
cXriboseqorf35	7	ARHGEF9	False
cXriboseqorf36	7	EFNB1	False
cXriboseqorf37	7	NM_001551.3	True
cXriboseqorf38	7	FOXO4	False
cXriboseqorf47	7	ATRX	False
cXriboseqorf49	7	TRMT2B	False
cXriboseqorf51	7	ARMCX5	False
cXriboseqorf61	7	XM_011531348.4	True
cXriboseqorf65	7	PABIR2	False
cXriboseqorf66	7	ZNF75D	False
cXriboseqorf67	7	ZNF75D	False
cXriboseqorf69	7	EOLA1	False
cXriboseqorf71	7	XM_017029591.3	True
cXriboseqorf72	7	EMD	False
cXriboseqorf73	7	RPL10	False
cXriboseqorf74	7	DNASE1L1	False
cXriboseqorf77	7	NM_001142392.3	True
cYriboseqorf1	4	TTTY15	False
c1riboseqorf14	7	NM_003636.4	True
c1riboseqorf15	7	NM_207370.4	True
c1riboseqorf16	7	NM_018948.4	True
c1riboseqorf18	7	XM_047422553.1	True
c1riboseqorf22	7	XM_005245919.1	True
c1riboseqorf26	7	XM_011542085.4	True
c1riboseqorf35	7	XM_047433268.1	True
c1riboseqorf37	7	XM_047429987.1	True
c1riboseqorf40	7	NM_001322866.2	True
c1riboseqorf45	7	NM_024869.3	True
c1riboseqorf47	7	NM_017837.4	True
c1riboseqorf48	7	XM_047418014.1	True
c1riboseqorf55	7	NM_001195100.2	True
c1riboseqorf63	7	NM_007167.4	True
c1riboseqorf67	7	XM_017000523.3	True
c1riboseqorf71	7	NM_032881.3	True
c1riboseqorf74	7	NM_025079.3	True
c1riboseqorf75	7	NM_001350768.2	True
c1riboseqorf76	7	XM_011541493.4	True
c1riboseqorf82	7	XM_011540570.4	True
c1riboseqorf83	7	XM_047445955.1	True
c1riboseqorf84	7	XM_017001945.2	True
c1riboseqorf85	7	NM_174964.4	True
c1riboseqorf99	7	NM_004799.4	True
c1riboseqorf100	7	NM_007324.5	True
c1riboseqorf103	7	NM_001353354.2	True
c1riboseqorf106	7	NM_003368.5	True
c1riboseqorf109	7	NM_001083592.2	True
c1riboseqorf110	7	XM_017002528.2	True
c1riboseqorf118	7	NM_001134445.2	True
c1riboseqorf122	7	NM_001252273.2	True
c1riboseqorf127	7	NM_000028.2	True
c1riboseqorf130	7	NM_001033025.3	True
c1riboseqorf131	7	NM_001261442.2	True
c1riboseqorf137	7	NM_144584.3	True
c1riboseqorf159	7	NM_001200001.2	True
c1riboseqorf161	7	NM_001385418.1	True
c1riboseqorf164	7	NM_016361.5	True
c1riboseqorf185	7	NM_000748.3	True
c1riboseqorf188	7	NM_000157.4	True
c1riboseqorf196	5	NR_026678.2	True
c1riboseqorf210	7	NM_207005.3	True
c1riboseqorf211	7	NM_001039711.2	True
c1riboseqorf212	7	NM_001330765.2	True
c1riboseqorf235	7	NM_001395199.1	True
c1riboseqorf248	7	XM_047434096.1	True
c1riboseqorf253	7	NM_001376334.1	True
c1riboseqorf261	7	NM_173854.6	True
c1riboseqorf262	7	XM_047435020.1	True
c1riboseqorf267	7	NM_014873.3	True
c1riboseqorf290	7	NM_001098722.2	True
c1riboseqorf296	7	NM_001297567.2	True
c1riboseqorf297	7	NM_032752.3	True
c1riboseqorf299	7	NM_024836.3	True
c2riboseqorf6	7	NM_004763.5	True
c2riboseqorf34	7	NM_001321003.1	True
c2riboseqorf42	7	NM_001143960.3	True
c2riboseqorf53	7	NM_001353975.2	True
c2riboseqorf59	7	XM_024453170.2	True
c2riboseqorf60	7	NM_001135021.2	True
c2riboseqorf61	7	NM_001031738.3	True
c2riboseqorf64	7	NM_001304526.2	True
c2riboseqorf72	7	NM_138621.5	True
c2riboseqorf88	7	NM_031445.2	True
c2riboseqorf98	7	NM_001001664.3	True
c2riboseqorf99	7	NM_001171653.2	True
c2riboseqorf102	7	NM_194317.5	True
c2riboseqorf104	7	NM_177985.3	True
c2riboseqorf112	7	NM_001172173.2	True
c2riboseqorf113	7	XM_011511617.3	True
c2riboseqorf117	7	NM_001199286.2	True
c2riboseqorf123	7	NM_001375836.1	True
c2riboseqorf125	7	NM_001145412.3	True
c2riboseqorf126	4	NR_026966.1	True
c2riboseqorf140	7	NM_001369434.1	True
c2riboseqorf147	7	NM_152387.4	True
c2riboseqorf153	7	NM_015049.3	True
c2riboseqorf154	7	XM_017004569.3	True
c2riboseqorf158	7	NM_001282910.3	True
c2riboseqorf170	7	NM_001367340.1	True
c2riboseqorf171	7	NM_001379661.1	True
c2riboseqorf173	7	NM_001257343.2	True
c2riboseqorf177	7	NM_001330214.1	True
c2riboseqorf178	7	NM_006736.6	True
c2riboseqorf180	7	NM_001005209.3	True
c2riboseqorf183	7	XM_047445995.1	True
c2riboseqorf187	7	NM_014521.3	True
c2riboseqorf188	7	XM_011510893.2	True
c2riboseqorf191	7	NM_023085.4	True
c3riboseqorf13	7	NM_014760.4	True
c3riboseqorf21	7	XM_017007023.2	True
c3riboseqorf27	7	NM_015150.2	True
c3riboseqorf28	7	XM_047449320.1	True
c3riboseqorf37	7	XM_047449204.1	True
c3riboseqorf46	7	NM_001287245.2	True
c3riboseqorf48	7	XM_005265515.4	True
c3riboseqorf49	7	NM_017719.5	True
c3riboseqorf50	7	NM_001100594.2	True
c3riboseqorf54	7	NM_145044.4	True
c3riboseqorf55	7	NM_001135179.2	True
c3riboseqorf57	7	NM_001386429.1	True
c3riboseqorf59	7	NM_182902.4	True
c3riboseqorf64	7	NM_022903.4	True
c3riboseqorf68	7	NM_033158.5	True
c3riboseqorf70	7	NM_001005505.3	True
c3riboseqorf72	7	XM_047448612.1	True
c3riboseqorf75	7	NM_001278221.3	True
c3riboseqorf80	7	NM_016329.4	True
c3riboseqorf81	7	NM_001256105.1	True
c3riboseqorf82	7	NM_001377922.1	True
c3riboseqorf85	7	XM_017006963.2	True
c3riboseqorf90	7	XM_017006205.2	True
c3riboseqorf99	7	NM_001195308.2	True
c3riboseqorf101	7	NM_176815.5	True
c3riboseqorf111	7	XM_005247642.5	True
c3riboseqorf113	7	NM_001348908.2	True
c3riboseqorf125	7	NM_001348429.2	True
c3riboseqorf127	7	NM_001388318.1	True
c3riboseqorf136	7	NM_001042383.2	True
c3riboseqorf137	7	XM_047449005.1	True
c3riboseqorf145	7	NM_080862.3	True
c3riboseqorf146	7	XM_047449224.1	True
c3riboseqorf147	7	NM_001376186.1	True
c3riboseqorf166	7	XM_047448754.1	True
c3riboseqorf168	7	NM_006218.4	True
c3riboseqorf170	7	NM_145261.4	True
c3riboseqorf174	7	NM_017644.3	True
c3riboseqorf176	7	XM_011512315.2	True
c3riboseqorf178	7	NM_001291157.2	True
c3riboseqorf179	7	XM_047447437.1	True
c3riboseqorf180	7	NM_004454.3	True
c3riboseqorf183	7	XM_011513062.4	True
c3riboseqorf185	7	NM_130834.3	True
c4riboseqorf7	7	NM_001145855.2	True
c4riboseqorf11	7	XM_017007791.2	True
c4riboseqorf28	7	XM_047450159.1	True
c4riboseqorf52	7	NM_001348136.2	True
c4riboseqorf67	7	NM_198281.3	True
c4riboseqorf75	7	NM_024751.3	True
c4riboseqorf93	7	NM_001287437.2	True
c4riboseqorf97	7	NM_001371337.1	True
c4riboseqorf98	7	NM_001184988.1	True
c4riboseqorf101	7	NM_172175.3	True
c4riboseqorf102	7	NM_003866.3	True
c4riboseqorf108	7	NM_001130687.3	True
c4riboseqorf112	7	XM_047415765.1	True
c4riboseqorf114	7	NM_007246.4	True
c4riboseqorf119	7	NM_001243372.2	True
c4riboseqorf132	7	NM_003265.3	True
c4riboseqorf133	7	NM_001006655.3	True
c5riboseqorf6	7	NM_001047.4	True
c5riboseqorf31	7	NM_000082.4	True
c5riboseqorf33	7	XM_017009690.2	True
c5riboseqorf34	7	XM_005248554.4	True
c5riboseqorf41	7	XM_005248560.4	True
c5riboseqorf42	7	NM_032380.5	True
c5riboseqorf44	7	NM_032367.4	True
c5riboseqorf49	7	XM_047416608.1	True
c5riboseqorf67	7	NM_001012761.3	True
c5riboseqorf73	7	XM_047416867.1	True
c5riboseqorf82	7	NM_178450.5	True
c5riboseqorf102	7	NM_001204259.2	True
c5riboseqorf103	7	NM_152550.4	True
c5riboseqorf107	7	NM_001366501.2	True
c5riboseqorf111	7	NM_078483.4	True
c5riboseqorf117	7	NM_004137.4	True
c5riboseqorf133	7	NM_014275.5	True
c5riboseqorf137	7	NM_001364384.2	True
c5riboseqorf140	7	NM_001364381.2	True
c6riboseqorf3	7	NM_001003699.4	True
c6riboseqorf12	7	XM_047418370.1	True
c6riboseqorf14	7	NM_001128164.2	True
c6riboseqorf15	7	XM_006715000.5	True
c6riboseqorf17	7	NM_001286264.2	True
c6riboseqorf24	7	NM_001242798.2	True
c6riboseqorf27	7	NM_001347832.2	True
c6riboseqorf38	7	NM_007109.3	True
c6riboseqorf39	7	NM_001077511.2	True
c6riboseqorf53	7	NM_001350.5	True
c6riboseqorf54	7	NM_001141969.2	True
c6riboseqorf59	7	XM_047419301.1	True
c6riboseqorf68	7	XM_047419061.1	True
c6riboseqorf69	7	XM_047419030.1	True
c6riboseqorf84	7	XM_005248749.2	True
c6riboseqorf85	7	XM_047419177.1	True
c6riboseqorf93	7	NM_024641.4	True
c6riboseqorf95	7	NM_030784.4	True
c6riboseqorf99	7	XM_047419487.1	True
c6riboseqorf102	7	NM_001004317.4	True
c6riboseqorf112	7	XM_047418771.1	True
c6riboseqorf116	7	NM_001270394.2	True
c6riboseqorf119	7	NM_001199619.2	True
c6riboseqorf120	7	NM_181782.5	True
c6riboseqorf127	7	XM_047418939.1	True
c6riboseqorf140	7	NM_020133.3	True
c7riboseqorf4	7	NM_001505.3	True
c7riboseqorf14	7	NM_001278559.2	True
c7riboseqorf15	7	NM_001276478.2	True
c7riboseqorf16	7	NM_001163147.2	True
c7riboseqorf17	7	XM_047419988.1	True
c7riboseqorf21	7	NM_003112.5	True
c7riboseqorf42	7	NM_002192.4	True
c7riboseqorf43	7	NM_001321203.2	True
c7riboseqorf44	7	NM_001321205.2	True
c7riboseqorf45	7	NM_001350927.2	True
c7riboseqorf46	7	NM_001127218.3	True
c7riboseqorf49	7	NM_004749.4	True
c7riboseqorf50	7	NM_199122.3	True
c7riboseqorf51	7	NM_030900.4	True
c7riboseqorf52	7	NM_001346565.3	True
c7riboseqorf56	7	XM_047420963.1	True
c7riboseqorf59	7	NM_001387697.1	True
c7riboseqorf64	7	NM_032936.4	True
c7riboseqorf74	7	NM_018843.4	True
c7riboseqorf78	7	NM_006980.5	True
c7riboseqorf80	7	NM_194456.1	True
c7riboseqorf90	7	XM_017011924.2	True
c7riboseqorf92	7	NM_145111.4	True
c7riboseqorf94	7	NM_024637.5	True
c7riboseqorf106	7	NM_182931.3	True
c7riboseqorf109	7	NR_073003.2	True
c7riboseqorf111	7	NM_001256010.3	True
c7riboseqorf112	7	NM_015723.5	True
c7riboseqorf113	7	NM_001256008.3	True
c7riboseqorf116	7	XM_047420095.1	True
c7riboseqorf118	7	XM_047420856.1	True
c7riboseqorf120	7	NM_015450.3	True
c7riboseqorf121	7	NM_001142573.2	True
c7riboseqorf133	7	NM_001006627.3	True
c7riboseqorf134	7	NM_001006628.3	True
c7riboseqorf135	7	XM_047420265.1	True
c7riboseqorf142	7	NM_172056.2	True
c7riboseqorf153	7	NM_001371473.1	True
c7riboseqorf156	7	NM_005431.2	True
c7riboseqorf166	7	XM_047420544.1	True
c8riboseqorf2	7	XM_011534747.3	True
c8riboseqorf9	7	NM_024607.4	True
c8riboseqorf12	7	NM_001349442.2	True
c8riboseqorf15	7	NM_001322096.2	True
c8riboseqorf19	7	XM_017013264.2	True
c8riboseqorf26	7	NM_015178.3	True
c8riboseqorf29	7	NM_004901.5	True
c8riboseqorf36	7	XM_011544639.4	True
c8riboseqorf39	7	NM_001164234.2	True
c8riboseqorf46	7	NM_032237.5	True
c8riboseqorf54	7	NM_013257.5	True
c8riboseqorf59	7	NM_001128205.2	True
c8riboseqorf63	7	XM_047422161.1	True
c8riboseqorf67	7	NM_001079867.2	True
c8riboseqorf80	7	NM_002380.5	True
c8riboseqorf85	7	NM_015878.5	True
c8riboseqorf86	7	NM_001363010.1	True
c8riboseqorf110	7	NM_173344.3	True
c8riboseqorf111	7	XM_047422106.1	True
c8riboseqorf128	7	NM_014066.4	True
c9riboseqorf9	7	NM_001354126.2	True
c9riboseqorf17	7	NM_001161.5	True
c9riboseqorf20	7	NM_025182.4	True
c9riboseqorf34	7	NM_033412.4	True
c9riboseqorf37	7	NM_000692.5	True
c9riboseqorf47	7	NM_024945.3	True
c9riboseqorf48	7	NM_177937.3	True
c9riboseqorf51	7	NM_004938.4	True
c9riboseqorf52	7	XM_017014198.2	True
c9riboseqorf58	7	XM_047422951.1	True
c9riboseqorf60	7	NM_001375294.1	True
c9riboseqorf66	7	NM_133465.4	True
c9riboseqorf69	7	NM_001304509.2	True
c9riboseqorf74	7	NM_001009936.3	True
c9riboseqorf79	7	NM_018387.5	True
c9riboseqorf88	7	NM_001329990.2	True
c9riboseqorf100	7	XM_047423836.1	True
c9riboseqorf104	7	XM_017015165.3	True
c9riboseqorf107	7	NM_144653.5	True
c9riboseqorf108	7	NM_152833.3	True
c9riboseqorf118	7	NM_001130969.3	True
c10riboseqorf4	7	NM_017782.5	True
c10riboseqorf26	7	XM_047424750.1	True
c10riboseqorf29	7	NM_001267607.3	True
c10riboseqorf31	7	NM_001305039.2	True
c10riboseqorf32	7	NM_006973.3	True
c10riboseqorf41	7	NM_003201.3	True
c10riboseqorf51	7	XM_024447928.2	True
c10riboseqorf54	7	XM_047425059.1	True
c10riboseqorf55	7	NM_004273.5	True
c10riboseqorf59	7	XM_047425922.1	True
c10riboseqorf69	7	NM_004329.3	True
c10riboseqorf71	7	NM_001377172.1	True
c10riboseqorf78	7	NM_017824.5	True
c10riboseqorf82	7	NM_014803.4	True
c10riboseqorf83	7	XM_011540406.3	True
c10riboseqorf86	7	NM_178832.4	True
c10riboseqorf108	5	NM_001195305.3	True
c10riboseqorf122	7	NM_001134672.2	True
c10riboseqorf125	7	NM_001204364.1	True
c10riboseqorf131	7	XM_047424668.1	True
c11riboseqorf3	7	NM_005343.4	True
c11riboseqorf6	7	NM_001142674.2	True
c11riboseqorf11	7	NM_001376501.1	True
c11riboseqorf26	7	NM_007216.4	True
c11riboseqorf28	7	XM_047427598.1	True
c11riboseqorf29	7	NM_024680.4	True
c11riboseqorf37	7	NM_031217.4	True
c11riboseqorf38	5	XM_017018327.2	True
c11riboseqorf39	7	XM_047427237.1	True
c11riboseqorf45	7	NM_005456.4	True
c11riboseqorf46	7	XM_011520157.3	True
c11riboseqorf48	7	NM_017749.3	True
c11riboseqorf49	7	NM_001346333.2	True
c11riboseqorf50	7	NM_001142673.3	True
c11riboseqorf51	7	NM_001346335.2	True
c11riboseqorf52	7	NM_001205121.2	True
c11riboseqorf53	7	NM_001205122.2	True
c11riboseqorf62	7	NM_001142521.3	True
c11riboseqorf63	7	NM_001374804.1	True
c11riboseqorf67	7	XM_011545100.2	True
c11riboseqorf69	7	NM_001130702.2	True
c11riboseqorf99	7	XM_005274053.5	True
c11riboseqorf112	7	XM_047427273.1	True
c11riboseqorf115	7	NM_001286059.2	True
c11riboseqorf123	7	NM_001289610.2	True
c11riboseqorf133	7	NM_002519.3	True
c11riboseqorf134	7	NM_178834.5	True
c11riboseqorf137	7	NM_018195.4	True
c11riboseqorf143	7	XM_047427863.1	True
c11riboseqorf155	7	NM_001382333.1	True
c11riboseqorf157	7	XM_011543069.3	True
c12riboseqorf15	7	NM_001297643.2	True
c12riboseqorf21	7	NM_001363613.2	True
c12riboseqorf24	7	NM_006143.3	True
c12riboseqorf25	7	NM_004982.4	True
c12riboseqorf27	7	NM_001385325.1	True
c12riboseqorf42	7	XM_047429600.1	True
c12riboseqorf43	7	XM_047429590.1	True
c12riboseqorf44	7	NM_001077484.2	True
c12riboseqorf48	7	NM_001352168.2	True
c12riboseqorf51	7	XM_017019840.3	True
c12riboseqorf52	7	NM_006337.5	True
c12riboseqorf53	7	NM_001037806.4	True
c12riboseqorf54	7	NM_032901.4	True
c12riboseqorf59	7	NM_032840.3	True
c12riboseqorf62	7	NM_032889.5	True
c12riboseqorf76	7	NM_173595.4	True
c12riboseqorf77	7	NM_014830.3	True
c12riboseqorf78	7	XM_047429476.1	True
c12riboseqorf79	7	NM_178502.4	True
c12riboseqorf93	7	NM_001278354.2	True
c12riboseqorf97	7	NM_031435.4	True
c12riboseqorf111	7	NM_001270468.2	True
c12riboseqorf121	7	XM_005268593.2	True
c12riboseqorf124	7	XM_005253987.3	True
c12riboseqorf128	7	XM_005253818.5	True
c12riboseqorf135	7	NM_001294314.2	True
c12riboseqorf139	7	NM_032848.3	True
c12riboseqorf144	7	NM_024738.4	True
c12riboseqorf145	7	NM_001346492.2	True
c12riboseqorf157	7	NM_001243013.2	True
c12riboseqorf159	7	XM_047428067.1	True
c13riboseqorf1	7	NM_001042414.4	True
c13riboseqorf9	7	NM_152912.5	True
c13riboseqorf14	7	NM_015233.6	True
c13riboseqorf25	7	XM_047430078.1	True
c13riboseqorf26	7	NM_001350648.2	True
c13riboseqorf32	7	NM_001079670.3	True
c13riboseqorf33	7	NM_001287337.2	True
c13riboseqorf37	7	NM_052950.4	True
c13riboseqorf41	7	XM_047430169.1	True
c14riboseqorf17	7	NM_001346874.2	True
c14riboseqorf24	7	XM_005267635.5	True
c14riboseqorf29	7	NM_001049.3	True
c14riboseqorf37	7	NM_001347916.1	True
c14riboseqorf38	7	NM_001347913.2	True
c14riboseqorf40	7	NM_199421.2	True
c14riboseqorf41	7	NM_080867.3	True
c14riboseqorf42	7	XM_011536426.2	True
c14riboseqorf56	7	NM_001284204.2	True
c14riboseqorf66	7	NM_001382426.1	True
c14riboseqorf70	7	NM_015346.4	True
c14riboseqorf72	7	XM_017021593.3	True
c14riboseqorf73	7	NM_016468.7	True
c14riboseqorf77	7	NM_001386936.1	True
c14riboseqorf80	7	XM_011536974.3	True
c14riboseqorf81	7	NM_001005743.2	True
c14riboseqorf84	7	NM_018228.3	True
c14riboseqorf89	7	NM_007176.4	True
c14riboseqorf90	7	NM_015072.5	True
c14riboseqorf92	7	XM_047431021.1	True
c14riboseqorf93	7	XM_011537242.3	True
c14riboseqorf95	7	NM_013231.6	True
c14riboseqorf97	7	NM_007039.4	True
c14riboseqorf98	7	NM_005197.4	True
c14riboseqorf117	7	NM_001969.5	True
c14riboseqorf121	7	NM_001371232.1	True
c15riboseqorf2	7	XM_017022656.2	True
c15riboseqorf4	7	NM_130838.4	True
c15riboseqorf5	7	NM_001146095.1	True
c15riboseqorf8	7	NM_024713.3	True
c15riboseqorf10	7	NM_014106.4	True
c15riboseqorf19	7	NM_001128608.2	True
c15riboseqorf29	7	NM_001321036.2	True
c15riboseqorf37	7	NM_001128610.3	True
c15riboseqorf38	7	NM_001252127.2	True
c15riboseqorf39	7	XM_047432855.1	True
c15riboseqorf64	5	NM_001286742.2	True
c15riboseqorf68	7	NM_001351379.2	True
c15riboseqorf69	7	NM_001142443.3	True
c15riboseqorf70	7	NM_004383.3	True
c15riboseqorf71	7	XM_047432864.1	True
c15riboseqorf76	7	XM_047433063.1	True
c15riboseqorf77	7	NM_006383.4	True
c15riboseqorf101	7	NM_024708.4	True
c16riboseqorf1	7	NM_024571.4	True
c16riboseqorf2	7	NM_001284497.2	True
c16riboseqorf8	7	NM_032271.3	True
c16riboseqorf15	7	NM_003454.4	True
c16riboseqorf18	7	NM_152457.3	True
c16riboseqorf29	7	NM_003745.2	True
c16riboseqorf30	7	XM_006720877.3	True
c16riboseqorf35	7	NM_173475.4	True
c16riboseqorf38	7	NM_016025.5	True
c16riboseqorf48	7	NM_017458.3	True
c16riboseqorf52	7	NM_006110.3	True
c16riboseqorf58	7	NM_006662.3	True
c16riboseqorf63	7	NM_014712.3	True
c16riboseqorf68	7	XM_011522840.4	True
c16riboseqorf83	7	NM_005886.3	True
c16riboseqorf90	7	NM_001308392.2	True
c16riboseqorf98	7	NM_014187.4	True
c16riboseqorf101	7	XM_047434626.1	True
c16riboseqorf103	7	NM_030819.4	True
c16riboseqorf104	7	NM_006742.3	True
c16riboseqorf105	7	NM_001076785.3	True
c16riboseqorf106	7	NM_003983.6	True
c16riboseqorf115	7	NM_001137675.4	True
c16riboseqorf116	7	NM_001270977.2	True
c16riboseqorf117	7	NM_006885.4	True
c16riboseqorf123	7	NM_001270473.2	True
c16riboseqorf130	7	NM_017740.3	True
c16riboseqorf137	7	XM_011523053.3	True
c16riboseqorf138	7	XM_047434019.1	True
c16riboseqorf145	7	NM_001242821.2	True
c16riboseqorf148	7	NM_001042610.3	True
c17riboseqorf10	7	NM_006497.4	True
c17riboseqorf13	7	XM_011523901.3	True
c17riboseqorf14	7	NM_001031681.3	True
c17riboseqorf15	7	NM_001374492.1	True
c17riboseqorf20	7	NM_006612.6	True
c17riboseqorf24	7	NM_001258217.2	True
c17riboseqorf25	7	XM_047436696.1	True
c17riboseqorf29	7	NM_001185022.2	True
c17riboseqorf30	7	NM_020899.4	True
c17riboseqorf59	7	NM_178170.3	True
c17riboseqorf61	7	NM_001288631.2	True
c17riboseqorf63	7	XM_047436044.1	True
c17riboseqorf69	7	XM_047436829.1	True
c17riboseqorf76	7	XM_011524412.1	True
c17riboseqorf94	7	XM_047435048.1	True
c17riboseqorf100	7	XM_047435078.1	True
c17riboseqorf105	7	XM_005257415.5	True
c17riboseqorf107	7	NM_152244.2	True
c17riboseqorf112	7	NM_001007228.2	True
c17riboseqorf113	7	NM_001007229.1	True
c17riboseqorf114	7	NM_001007227.1	True
c17riboseqorf115	7	NM_003563.3	True
c17riboseqorf119	7	NM_012329.3	True
c17riboseqorf120	7	NM_018286.3	True
c17riboseqorf136	7	XM_005257888.6	True
c17riboseqorf143	7	NM_139177.4	True
c17riboseqorf147	7	XM_047437027.1	True
c17riboseqorf149	7	XM_047437182.1	True
c17riboseqorf167	7	NM_001039573.3	True
c17riboseqorf175	7	XM_047436467.1	True
c18riboseqorf15	7	XM_024451261.2	True
c18riboseqorf19	7	NM_006868.4	True
c18riboseqorf22	7	XM_047437286.1	True
c18riboseqorf28	7	XM_047437730.1	True
c18riboseqorf37	7	NM_001112734.4	True
c18riboseqorf43	7	NM_001199342.3	True
c18riboseqorf47	7	XM_047437310.1	True
c18riboseqorf52	7	NM_173557.3	True
c18riboseqorf56	7	NM_001261830.2	True
c19riboseqorf3	7	XM_047438048.1	True
c19riboseqorf6	7	NM_001130111.2	True
c19riboseqorf11	7	NM_201636.3	True
c19riboseqorf16	7	NM_020933.5	True
c19riboseqorf17	7	NM_001370399.1	True
c19riboseqorf18	7	XM_005260150.3	True
c19riboseqorf32	7	XM_005259721.4	True
c19riboseqorf35	7	NM_058243.3	True
c19riboseqorf36	7	NM_014371.4	True
c19riboseqorf37	7	XM_047439504.1	True
c19riboseqorf46	7	XM_006722883.3	True
c19riboseqorf49	7	NM_182515.4	True
c19riboseqorf53	4	NR_103741.1	True
c19riboseqorf67	7	XM_017027398.2	True
c19riboseqorf79	7	NM_001042474.2	True
c19riboseqorf92	7	NM_001375597.1	True
c19riboseqorf96	7	NM_001242801.2	True
c19riboseqorf97	7	NM_001242472.2	True
c19riboseqorf98	7	NM_001037232.4	True
c19riboseqorf101	7	XM_011526503.3	True
c19riboseqorf102	7	NM_152279.4	True
c19riboseqorf103	7	NM_001387595.1	True
c19riboseqorf112	7	NM_001031696.4	True
c19riboseqorf114	7	NM_080732.4	True
c19riboseqorf126	7	NM_005619.5	True
c19riboseqorf127	7	NM_001080469.2	True
c19riboseqorf128	7	NM_024301.5	True
c19riboseqorf131	7	XM_047438834.1	True
c19riboseqorf140	7	XM_047438152.1	True
c19riboseqorf145	7	NM_001256647.3	True
c19riboseqorf146	7	NM_001270641.2	True
c19riboseqorf147	7	NM_001270640.2	True
c19riboseqorf152	7	NM_001102657.3	True
c19riboseqorf154	7	NM_001348019.2	True
c19riboseqorf156	7	NM_001202457.3	True
c19riboseqorf157	7	NM_001008401.4	True
c19riboseqorf158	7	XM_047438423.1	True
c19riboseqorf159	7	XM_024451436.2	True
c19riboseqorf160	7	NM_153219.4	True
c19riboseqorf161	7	NM_001370469.1	True
c19riboseqorf172	7	NM_003435.5	True
c19riboseqorf175	7	NM_024620.4	True
c20riboseqorf4	7	NM_144628.4	True
c20riboseqorf7	7	NM_001388324.1	True
c20riboseqorf8	7	NM_199415.3	True
c20riboseqorf22	7	NM_001199865.2	True
c20riboseqorf26	7	NM_002657.3	True
c20riboseqorf27	7	NM_004798.4	True
c20riboseqorf45	7	NM_080603.5	True
c20riboseqorf47	7	NM_022104.4	True
c20riboseqorf48	7	XM_011528981.4	True
c20riboseqorf51	7	NM_001174088.2	True
c20riboseqorf60	7	NM_017798.4	True
c21riboseqorf8	7	NM_006447.3	True
c21riboseqorf18	7	XM_047440845.1	True
c21riboseqorf28	7	XM_006723998.5	True
c22riboseqorf2	7	NM_017929.6	True
c22riboseqorf7	7	XM_006724239.3	True
c22riboseqorf16	7	NM_015330.6	True
c22riboseqorf18	7	NM_001284257.2	True
c22riboseqorf24	7	NM_003595.5	True
c22riboseqorf29	7	NM_001002878.1	True
c22riboseqorf60	7	NM_014838.3	True
c22riboseqorf62	7	NM_001376885.1	True
c22riboseqorf63	7	XM_047441658.1	True
cXriboseqorf3	7	NM_005647.4	True
cXriboseqorf5	7	NM_001193277.1	True
cXriboseqorf6	7	NM_033289.2	True
cXriboseqorf7	7	NM_033290.4	True
cXriboseqorf8	7	NM_004251.5	True
cXriboseqorf10	7	XM_011545470.3	True
cXriboseqorf11	7	NM_001330241.2	True
cXriboseqorf15	7	NM_001258423.2	True
cXriboseqorf30	7	NM_138362.4	True
cXriboseqorf31	7	NM_001166700.2	True
cXriboseqorf39	7	XM_047442186.1	True
cXriboseqorf48	7	XM_047442510.1	True
cXriboseqorf52	7	NM_001168479.2	True
cXriboseqorf53	7	NM_001142525.2	True
cXriboseqorf58	7	NM_001142418.2	True
cXriboseqorf59	7	NM_001142424.2	True
cXriboseqorf60	7	NM_052936.5	True
cXriboseqorf62	7	NM_006375.4	True
cXriboseqorf63	7	NM_001382516.1	True
cXriboseqorf64	7	NM_032335.3	True
cXriboseqorf70	7	NM_178124.6	True
c1riboseqorf7	3	NM_001127230.2	True
c1riboseqorf8	3	NM_001290264.2	True
c1riboseqorf12	3	CEP104	False
c1riboseqorf50	3	XM_011540999.3	True
c1riboseqorf57	0	.	False
c1riboseqorf65	3	NCDN	False
c1riboseqorf89	3	TESK2	False
c1riboseqorf102	3	NM_018982.5	True
c1riboseqorf112	3	LRRIQ3	False
c1riboseqorf120	3	LRRC8D	False
c1riboseqorf129	3	CDC14A	False
c1riboseqorf144	3	PHTF1	False
c1riboseqorf243	3	NM_001033056.4	True
c1riboseqorf254	2	ZBED6	False
c1riboseqorf270	3	VASH2	False
c1riboseqorf272	3	RPS6KC1	False
c1riboseqorf295	3	ZNF670	False
c2riboseqorf9	3	CENPO	False
c2riboseqorf29	2	PPM1B	False
c2riboseqorf46	3	CEP68	False
c2riboseqorf106	3	FMNL2	False
c2riboseqorf138	3	UBE2E3	False
c2riboseqorf139	3	NM_001271581.3	True
c2riboseqorf143	3	MFSD6	False
c2riboseqorf162	3	FZD5	False
c2riboseqorf169	3	ZNF142	False
c2riboseqorf189	3	XM_017004693.3	True
c3riboseqorf22	3	METTL6	False
c3riboseqorf33	3	ZNF860	False
c3riboseqorf39	3	CTDSPL	False
c3riboseqorf42	3	XM_011533991.3	True
c3riboseqorf47	3	SEC22C	False
c3riboseqorf56	1	.	False
c3riboseqorf58	3	NM_024512.5	True
c3riboseqorf66	3	IFRD2	False
c3riboseqorf89	3	LRIG1	False
c3riboseqorf98	3	NM_001008390.2	True
c3riboseqorf116	3	XM_011513260.1	True
c3riboseqorf128	3	GATA2	False
c3riboseqorf152	0	.	False
c4riboseqorf21	3	NM_001169117.2	True
c4riboseqorf25	3	NM_001184701.2	True
c4riboseqorf39	3	KDR	False
c4riboseqorf57	3	NM_001318120.2	True
c4riboseqorf64	3	XM_047449487.1	True
c4riboseqorf72	3	SLC9B2	False
c4riboseqorf78	3	NM_001130721.2	True
c4riboseqorf95	3	C4orf33	False
c4riboseqorf116	3	PALLD	False
c5riboseqorf15	3	C5orf22	False
c5riboseqorf39	3	NM_001278622.1	True
c5riboseqorf87	3	FBN2	False
c5riboseqorf104	3	ADRB2	False
c5riboseqorf110	3	NM_032947.5	True
c5riboseqorf118	3	GABRP	False
c5riboseqorf144	3	NM_001377940.1	True
c6riboseqorf42	3	NM_013974.3	True
c6riboseqorf65	3	NM_001329692.1	True
c6riboseqorf71	3	XM_005248880.5	True
c6riboseqorf74	3	TNFRSF21	False
c6riboseqorf97	3	FBXL4	False
c6riboseqorf135	3	NM_001142522.3	True
c6riboseqorf137	3	TULP4	False
c7riboseqorf5	3	NM_001365381.2	True
c7riboseqorf34	3	AVL9	False
c7riboseqorf53	3	NM_022116.7	True
c7riboseqorf54	3	NM_001346558.3	True
c7riboseqorf103	1	.	False
c7riboseqorf105	3	NM_005045.4	True
c7riboseqorf128	3	NM_199186.3	True
c7riboseqorf129	3	NM_001293085.2	True
c7riboseqorf130	3	TMEM140	False
c7riboseqorf145	3	CHPF2	False
c7riboseqorf147	3	NM_001284262.2	True
c8riboseqorf3	3	XM_011534772.3	True
c8riboseqorf38	3	NM_014462.3	True
c8riboseqorf43	3	NM_001305878.2	True
c8riboseqorf44	3	NM_001305878.2	True
c8riboseqorf49	3	TCEA1	False
c8riboseqorf68	3	PEX2	False
c8riboseqorf69	3	PEX2	False
c8riboseqorf70	3	PEX2	False
c8riboseqorf92	3	NM_001282903.3	True
c8riboseqorf112	3	XM_006716617.3	True
c8riboseqorf126	3	LRRC14	False
c9riboseqorf1	3	KANK1	False
c9riboseqorf62	3	XM_047423551.1	True
c9riboseqorf76	1	.	False
c10riboseqorf11	3	DHTKD1	False
c10riboseqorf52	3	TET1	False
c10riboseqorf62	3	NM_001256468.2	True
c10riboseqorf87	3	NM_001322476.2	True
c10riboseqorf94	3	TWNK	False
c10riboseqorf111	3	ZDHHC6	False
c10riboseqorf127	3	IKZF5	False
c11riboseqorf4	3	PIDD1	False
c11riboseqorf23	3	NM_148976.3	True
c11riboseqorf30	3	E2F8	False
c11riboseqorf78	3	DNAJC4	False
c11riboseqorf83	3	SAC3D1	False
c11riboseqorf105	3	NM_001278486.2	True
c11riboseqorf106	3	NM_001381950.1	True
c11riboseqorf151	3	NM_024806.4	True
c11riboseqorf154	3	ZNF202	False
c11riboseqorf162	1	NCAPD3	False
c12riboseqorf39	3	PUS7L	False
c12riboseqorf133	3	MAPKAPK5	False
c13riboseqorf12	3	SLC46A3	False
c13riboseqorf22	3	NM_005780.3	True
c14riboseqorf30	3	SSTR1	False
c14riboseqorf34	3	SAV1	False
c14riboseqorf36	3	STYX	False
c14riboseqorf57	3	PCNX4	False
c14riboseqorf122	3	NM_005432.4	True
c15riboseqorf32	3	FGF7	False
c15riboseqorf36	3	NM_001128610.3	True
c15riboseqorf42	0	LOC145783	False
c15riboseqorf44	3	ICE2	False
c15riboseqorf50	3	SMAD6	False
c15riboseqorf84	3	WHAMM	False
c16riboseqorf5	3	RAB11FIP3	False
c16riboseqorf80	3	RSPRY1	False
c16riboseqorf81	3	RSPRY1	False
c16riboseqorf107	3	XM_047434304.1_1	True
c16riboseqorf118	3	ZFHX3	False
c16riboseqorf119	3	ADAT1	False
c16riboseqorf128	3	MBTPS1	False
c16riboseqorf144	3	NM_001242820.2	True
c17riboseqorf23	3	RABEP1	False
c17riboseqorf47	3	ALKBH5	False
c17riboseqorf70	3	PIGW	False
c17riboseqorf103	3	CDC27	False
c17riboseqorf111	1	ZNF652	False
c17riboseqorf148	3	NM_203506.3	True
c17riboseqorf165	3	NM_001204410.2	True
c17riboseqorf169	3	NM_001159772.2	True
c18riboseqorf3	3	XM_047437741.1	True
c18riboseqorf29	3	NM_015461.3	True
c19riboseqorf8	3	CSNK1G2	False
c19riboseqorf14	3	NM_182919.4	True
c19riboseqorf47	3	LPAR2	False
c19riboseqorf93	3	NM_001322823.2	True
c19riboseqorf111	3	NM_006484.3	True
c19riboseqorf123	3	NM_014518.4	True
c19riboseqorf132	3	NM_001243876.2	True
c19riboseqorf144	3	XM_047438900.1	True
c20riboseqorf28	1	COMMD7	False
c20riboseqorf46	3	NM_080749.4	True
c21riboseqorf29	3	PRMT2	False
c22riboseqorf10	3	NM_001008695.1	True
c22riboseqorf32	3	XM_005261368.6	True
c22riboseqorf48	3	NM_001288978.2	True
c22riboseqorf64	3	SBF1	False
cXriboseqorf1	3	PRKX	False
cXriboseqorf27	3	WDR13	False
cXriboseqorf57	1	BEX3	False
c3riboseqorf45	3	XM_011533607.2	True
c15riboseqorf91	3	NM_001320977.2	True
