c1riboseqorf9	7	CHM13_G0000129	False
c1riboseqorf11	7	CHM13_G0000153	False
c1riboseqorf12	7	CHM13_G0000168	False
c1riboseqorf19	7	CHM13_G0000303	False
c1riboseqorf20	7	CHM13_G0000324	False
c1riboseqorf21	7	CHM13_T0001617	True
c1riboseqorf25	7	CHM13_G0000491	False
c1riboseqorf27	7	CHM13_G0000493	False
c1riboseqorf28	7	CHM13_G0000512	False
c1riboseqorf32	7	CHM13_T0002154	True
c1riboseqorf34	7	CHM13_G0000598	False
c1riboseqorf38	7	CHM13_T0002777	True
c1riboseqorf42	7	CHM13_T0003180	True
c1riboseqorf43	7	CHM13_G0000808	False
c1riboseqorf44	7	CHM13_G0000812	False
c1riboseqorf46	7	CHM13_G0000844	False
c1riboseqorf49	7	CHM13_G0000903	False
c1riboseqorf51	7	CHM13_G0000919	False
c1riboseqorf56	7	CHM13_G0001052	False
c1riboseqorf57	7	CHM13_G0001052	False
c1riboseqorf58	7	CHM13_G0001067	False
c1riboseqorf59	7	CHM13_G0001074	False
c1riboseqorf60	7	CHM13_G0001094	False
c1riboseqorf64	7	CHM13_G0001115	False
c1riboseqorf66	7	CHM13_G0001129	False
c1riboseqorf68	7	CHM13_G0001136	False
c1riboseqorf69	7	CHM13_T0004546	True
c1riboseqorf70	7	CHM13_G0001143	False
c1riboseqorf72	7	CHM13_G0001144	False
c1riboseqorf77	7	CHM13_G0001219	False
c1riboseqorf79	7	CHM13_G0001269	False
c1riboseqorf80	7	CHM13_G0001292	False
c1riboseqorf81	7	CHM13_T0005138	True
c1riboseqorf86	7	CHM13_G0001383	False
c1riboseqorf87	7	CHM13_G0001385	False
c1riboseqorf88	7	CHM13_G0001439	False
c1riboseqorf90	7	CHM13_T0005973	True
c1riboseqorf91	7	CHM13_T0006025	True
c1riboseqorf92	7	CHM13_T0006025	True
c1riboseqorf94	7	CHM13_G0001566	False
c1riboseqorf95	7	CHM13_G0001566	False
c1riboseqorf96	7	CHM13_G0001573	False
c1riboseqorf97	7	CHM13_G0001573	False
c1riboseqorf105	7	CHM13_G0001713	False
c1riboseqorf111	7	CHM13_G0001940	False
c1riboseqorf112	7	CHM13_G0001976	False
c1riboseqorf113	7	CHM13_G0001987	False
c1riboseqorf114	7	CHM13_G0001987	False
c1riboseqorf115	7	CHM13_G0002009	False
c1riboseqorf119	7	CHM13_G0002157	False
c1riboseqorf124	7	CHM13_G0002281	False
c1riboseqorf125	7	CHM13_G0002286	False
c1riboseqorf128	7	CHM13_T0009453	True
c1riboseqorf132	7	CHM13_G0002407	False
c1riboseqorf135	7	CHM13_G0002417	False
c1riboseqorf136	7	CHM13_T0009714	True
c1riboseqorf138	7	CHM13_G0002491	False
c1riboseqorf139	7	CHM13_G0002492	False
c1riboseqorf141	7	CHM13_G0002577	False
c1riboseqorf143	7	CHM13_G0002642	False
c1riboseqorf144	7	CHM13_G0002649	False
c1riboseqorf145	7	CHM13_T0010546	True
c1riboseqorf146	7	CHM13_G0002657	False
c1riboseqorf147	7	CHM13_G0002659	False
c1riboseqorf148	7	CHM13_G0002673	False
c1riboseqorf152	7	CHM13_T0010803	True
c1riboseqorf153	7	CHM13_T0010803	True
c1riboseqorf154	7	CHM13_G0002739	False
c1riboseqorf155	7	CHM13_G0002739	False
c1riboseqorf166	7	CHM13_G0002947	False
c1riboseqorf167	7	CHM13_G0002947	False
c1riboseqorf168	7	CHM13_G0003077	False
c1riboseqorf169	7	CHM13_G0003080	False
c1riboseqorf170	7	CHM13_G0003087	False
c1riboseqorf171	7	CHM13_G0003121	False
c1riboseqorf172	7	CHM13_T0012035	True
c1riboseqorf173	7	CHM13_G0003134	False
c1riboseqorf174	7	CHM13_G0003137	False
c1riboseqorf175	7	CHM13_G0003137	False
c1riboseqorf176	7	CHM13_T0012127	True
c1riboseqorf177	7	CHM13_T0012127	True
c1riboseqorf178	7	CHM13_T0012154	True
c1riboseqorf181	7	CHM13_G0003264	False
c1riboseqorf182	7	CHM13_G0003284	False
c1riboseqorf184	7	CHM13_G0003316	False
c1riboseqorf187	7	CHM13_G0003352	False
c1riboseqorf189	7	CHM13_T0013027	True
c1riboseqorf190	7	CHM13_G0003384	False
c1riboseqorf191	7	CHM13_G0003386	False
c1riboseqorf194	7	CHM13_G0003428	False
c1riboseqorf195	7	CHM13_G0003433	False
c1riboseqorf197	7	CHM13_G0003449	False
c1riboseqorf200	7	CHM13_G0003461	False
c1riboseqorf201	7	CHM13_G0003461	False
c1riboseqorf202	7	CHM13_G0003461	False
c1riboseqorf203	7	CHM13_G0003461	False
c1riboseqorf204	7	CHM13_G0003462	False
c1riboseqorf206	7	CHM13_G0003472	False
c1riboseqorf207	7	CHM13_G0003587	False
c1riboseqorf208	7	CHM13_T0013963	True
c1riboseqorf209	7	CHM13_G0003596	False
c1riboseqorf213	7	CHM13_G0003642	False
c1riboseqorf214	7	CHM13_T0014256	True
c1riboseqorf215	7	CHM13_G0003644	False
c1riboseqorf216	7	CHM13_G0003645	False
c1riboseqorf217	7	CHM13_G0003649	False
c1riboseqorf218	7	CHM13_G0003649	False
c1riboseqorf219	7	CHM13_G0003735	False
c1riboseqorf220	7	CHM13_G0003800	False
c1riboseqorf223	7	CHM13_G0003833	False
c1riboseqorf224	7	CHM13_G0003885	False
c1riboseqorf225	7	CHM13_G0003895	False
c1riboseqorf226	7	CHM13_G0003907	False
c1riboseqorf227	7	CHM13_G0003908	False
c1riboseqorf229	7	CHM13_G0003934	False
c1riboseqorf236	7	CHM13_T0015331	True
c1riboseqorf237	7	CHM13_G0003962	False
c1riboseqorf238	7	CHM13_T0015541	True
c1riboseqorf240	7	CHM13_T0015543	True
c1riboseqorf241	7	CHM13_G0004038	False
c1riboseqorf242	7	CHM13_G0004054	False
c1riboseqorf244	7	CHM13_G0004099	False
c1riboseqorf245	7	CHM13_G0004114	False
c1riboseqorf246	7	CHM13_G0004118	False
c1riboseqorf247	7	CHM13_G0004118	False
c1riboseqorf249	7	CHM13_G0004316	False
c1riboseqorf250	7	CHM13_G0004404	False
c1riboseqorf251	7	CHM13_G0004423	False
c1riboseqorf252	7	CHM13_T0016830	True
c1riboseqorf255	7	CHM13_G0004427	False
c1riboseqorf256	7	CHM13_G0004453	False
c1riboseqorf257	7	CHM13_G0004488	False
c1riboseqorf258	7	CHM13_T0017091	True
c1riboseqorf259	7	CHM13_T0017108	True
c1riboseqorf260	7	CHM13_T0017108	True
c1riboseqorf263	7	CHM13_G0004521	False
c1riboseqorf264	7	CHM13_G0004530	False
c1riboseqorf265	7	CHM13_G0004565	False
c1riboseqorf270	7	CHM13_G0004675	False
c1riboseqorf271	7	CHM13_G0004676	False
c1riboseqorf273	7	CHM13_T0017885	True
c1riboseqorf274	7	CHM13_G0004709	False
c1riboseqorf275	7	CHM13_G0004741	False
c1riboseqorf276	7	CHM13_G0004799	False
c1riboseqorf277	7	CHM13_G0004800	False
c1riboseqorf278	7	CHM13_T0018498	True
c1riboseqorf279	7	CHM13_G0004895	False
c1riboseqorf280	7	CHM13_G0004895	False
c1riboseqorf281	7	CHM13_G0004895	False
c1riboseqorf284	7	CHM13_G0005037	False
c1riboseqorf287	7	CHM13_G0005067	False
c1riboseqorf288	7	CHM13_G0005087	False
c1riboseqorf289	7	CHM13_G0005119	False
c1riboseqorf291	7	CHM13_G0005160	False
c1riboseqorf293	7	CHM13_G0005233	False
c1riboseqorf294	7	CHM13_G0005240	False
c1riboseqorf298	7	CHM13_T0020183	True
c2riboseqorf1	7	CHM13_G0030000	False
c2riboseqorf4	7	CHM13_T0119214	True
c2riboseqorf5	7	CHM13_G0030072	False
c2riboseqorf7	7	CHM13_G0030113	False
c2riboseqorf8	7	CHM13_G0030254	False
c2riboseqorf11	7	CHM13_G0030344	False
c2riboseqorf12	7	CHM13_G0030349	False
c2riboseqorf13	7	CHM13_G0030380	False
c2riboseqorf15	7	CHM13_G0030387	False
c2riboseqorf16	7	CHM13_G0030390	False
c2riboseqorf17	7	CHM13_G0030395	False
c2riboseqorf18	7	CHM13_G0030496	False
c2riboseqorf19	7	CHM13_G0030502	False
c2riboseqorf21	7	CHM13_T0121232	True
c2riboseqorf22	7	CHM13_T0121232	True
c2riboseqorf23	7	CHM13_T0121232	True
c2riboseqorf24	7	CHM13_T0121423	True
c2riboseqorf26	7	CHM13_G0030617	False
c2riboseqorf28	7	CHM13_G0030640	False
c2riboseqorf29	7	CHM13_G0030686	False
c2riboseqorf30	7	CHM13_G0030689	False
c2riboseqorf31	7	CHM13_G0030727	False
c2riboseqorf32	7	CHM13_G0030729	False
c2riboseqorf33	7	CHM13_T0122087	True
c2riboseqorf35	7	CHM13_G0030850	False
c2riboseqorf36	7	CHM13_G0030856	False
c2riboseqorf38	7	CHM13_G0030900	False
c2riboseqorf43	7	CHM13_G0030962	False
c2riboseqorf47	7	CHM13_G0031099	False
c2riboseqorf55	7	CHM13_G0031226	False
c2riboseqorf66	7	CHM13_G0031675	False
c2riboseqorf67	7	CHM13_G0031755	False
c2riboseqorf68	7	CHM13_G0031789	False
c2riboseqorf70	7	CHM13_T0126260	True
c2riboseqorf73	7	CHM13_G0032007	False
c2riboseqorf74	7	CHM13_T0126863	True
c2riboseqorf75	7	CHM13_T0126933	True
c2riboseqorf78	7	CHM13_G0032138	False
c2riboseqorf79	7	CHM13_G0032139	False
c2riboseqorf80	7	CHM13_G0032141	False
c2riboseqorf81	7	CHM13_G0032152	False
c2riboseqorf82	7	CHM13_G0032153	False
c2riboseqorf83	7	CHM13_T0127326	True
c2riboseqorf85	7	CHM13_G0032218	False
c2riboseqorf86	7	CHM13_G0032226	False
c2riboseqorf91	7	CHM13_G0032416	False
c2riboseqorf92	7	CHM13_G0032419	False
c2riboseqorf96	7	CHM13_T0128116	True
c2riboseqorf100	7	CHM13_G0032571	False
c2riboseqorf101	7	CHM13_G0032572	False
c2riboseqorf103	7	CHM13_G0032614	False
c2riboseqorf105	7	CHM13_G0032616	False
c2riboseqorf109	7	CHM13_G0032735	False
c2riboseqorf110	7	CHM13_G0032735	False
c2riboseqorf111	7	CHM13_G0032763	False
c2riboseqorf115	7	CHM13_T0129756	True
c2riboseqorf116	7	CHM13_G0032825	False
c2riboseqorf118	7	CHM13_G0032857	False
c2riboseqorf120	7	CHM13_G0032889	False
c2riboseqorf121	5	CHM13_G0032901	False
c2riboseqorf132	7	CHM13_G0033017	False
c2riboseqorf137	7	CHM13_T0130778	True
c2riboseqorf141	7	CHM13_G0033123	False
c2riboseqorf142	7	CHM13_T0131057	True
c2riboseqorf144	7	CHM13_G0033163	False
c2riboseqorf146	7	CHM13_G0033271	False
c2riboseqorf148	7	CHM13_G0033277	False
c2riboseqorf149	7	CHM13_T0131869	True
c2riboseqorf150	7	CHM13_G0033306	False
c2riboseqorf151	7	CHM13_G0033306	False
c2riboseqorf152	7	CHM13_T0131992	True
c2riboseqorf155	7	CHM13_G0033362	False
c2riboseqorf156	7	CHM13_G0033362	False
c2riboseqorf157	7	CHM13_G0033362	False
c2riboseqorf159	7	CHM13_T0132190	True
c2riboseqorf161	7	CHM13_G0033452	False
c2riboseqorf162	7	CHM13_G0033475	False
c2riboseqorf163	7	CHM13_T0132511	True
c2riboseqorf164	7	CHM13_G0033476	False
c2riboseqorf165	7	CHM13_G0033493	False
c2riboseqorf166	7	CHM13_T0132853	True
c2riboseqorf167	7	CHM13_G0033579	False
c2riboseqorf168	7	CHM13_T0133131	True
c2riboseqorf172	7	CHM13_G0033644	False
c2riboseqorf174	7	CHM13_G0033648	False
c2riboseqorf175	7	CHM13_G0033684	False
c2riboseqorf176	7	CHM13_G0033684	False
c2riboseqorf179	7	CHM13_G0033703	False
c2riboseqorf181	7	CHM13_G0033785	False
c2riboseqorf184	7	CHM13_G0033831	False
c2riboseqorf185	7	CHM13_G0033837	False
c2riboseqorf186	7	CHM13_G0033984	False
c2riboseqorf193	7	CHM13_G0034118	False
c3riboseqorf1	7	CHM13_G0037905	False
c3riboseqorf7	7	CHM13_T0149251	True
c3riboseqorf8	7	CHM13_T0149262	True
c3riboseqorf10	7	CHM13_G0037913	False
c3riboseqorf11	7	CHM13_G0037916	False
c3riboseqorf12	7	CHM13_G0037923	False
c3riboseqorf14	7	CHM13_G0037994	False
c3riboseqorf22	7	CHM13_G0038052	False
c3riboseqorf23	7	CHM13_T0150088	True
c3riboseqorf24	7	CHM13_G0038061	False
c3riboseqorf26	7	CHM13_T0150163	True
c3riboseqorf31	7	CHM13_G0038158	False
c3riboseqorf32	7	CHM13_G0038196	False
c3riboseqorf34	7	CHM13_G0038246	False
c3riboseqorf35	7	CHM13_G0038262	False
c3riboseqorf36	7	CHM13_G0038262	False
c3riboseqorf38	7	CHM13_T0151187	True
c3riboseqorf39	7	CHM13_G0038317	False
c3riboseqorf40	7	CHM13_G0038324	False
c3riboseqorf41	7	CHM13_G0038335	False
c3riboseqorf47	7	CHM13_G0038419	False
c3riboseqorf51	7	CHM13_G0038466	False
c3riboseqorf52	7	CHM13_G0038469	False
c3riboseqorf53	7	CHM13_G0038479	False
c3riboseqorf56	7	CHM13_G0038501	False
c3riboseqorf60	7	CHM13_G0038554	False
c3riboseqorf61	7	CHM13_T0152336	True
c3riboseqorf62	7	CHM13_T0152392	True
c3riboseqorf63	7	CHM13_G0038623	False
c3riboseqorf67	7	CHM13_G0038701	False
c3riboseqorf71	7	CHM13_G0038747	False
c3riboseqorf73	7	CHM13_T0153651	True
c3riboseqorf76	7	CHM13_T0153823	True
c3riboseqorf78	7	CHM13_G0038796	False
c3riboseqorf79	7	CHM13_G0038796	False
c3riboseqorf83	7	CHM13_G0038880	False
c3riboseqorf84	7	CHM13_G0038880	False
c3riboseqorf86	7	CHM13_G0038925	False
c3riboseqorf87	7	CHM13_G0038960	False
c3riboseqorf88	7	CHM13_G0038972	False
c3riboseqorf89	7	CHM13_G0038975	False
c3riboseqorf91	7	CHM13_G0038997	False
c3riboseqorf93	7	CHM13_G0039105	False
c3riboseqorf94	7	CHM13_G0039118	False
c3riboseqorf95	7	CHM13_G0039118	False
c3riboseqorf96	7	CHM13_G0039164	False
c3riboseqorf97	7	CHM13_T0155254	True
c3riboseqorf100	7	CHM13_G0039187	False
c3riboseqorf103	7	CHM13_G0039229	False
c3riboseqorf104	7	CHM13_G0039268	False
c3riboseqorf105	7	CHM13_G0039296	False
c3riboseqorf107	7	CHM13_T0155774	True
c3riboseqorf108	7	CHM13_G0039343	False
c3riboseqorf112	7	CHM13_G0039446	False
c3riboseqorf114	7	CHM13_G0039447	False
c3riboseqorf115	7	CHM13_G0039535	False
c3riboseqorf116	7	CHM13_G0039535	False
c3riboseqorf117	7	CHM13_G0039541	False
c3riboseqorf118	7	CHM13_G0039544	False
c3riboseqorf119	7	CHM13_G0039558	False
c3riboseqorf120	7	CHM13_G0039558	False
c3riboseqorf121	7	CHM13_G0039592	False
c3riboseqorf122	7	CHM13_G0039595	False
c3riboseqorf123	7	CHM13_G0039612	False
c3riboseqorf126	7	CHM13_G0039670	False
c3riboseqorf130	7	CHM13_T0157850	True
c3riboseqorf133	7	CHM13_G0039840	False
c3riboseqorf134	7	CHM13_G0039907	False
c3riboseqorf135	7	CHM13_G0039908	False
c3riboseqorf138	7	CHM13_T0158349	True
c3riboseqorf139	7	CHM13_G0039918	False
c3riboseqorf140	7	CHM13_G0039921	False
c3riboseqorf143	7	CHM13_G0039938	False
c3riboseqorf144	7	CHM13_G0040005	False
c3riboseqorf149	7	CHM13_G0040057	False
c3riboseqorf151	7	CHM13_G0040144	False
c3riboseqorf154	7	CHM13_G0040200	False
c3riboseqorf155	7	CHM13_G0040200	False
c3riboseqorf156	7	CHM13_G0040208	False
c3riboseqorf161	7	CHM13_G0040324	False
c3riboseqorf162	7	CHM13_G0040331	False
c3riboseqorf163	7	CHM13_T0160255	True
c3riboseqorf164	7	CHM13_G0040404	False
c3riboseqorf165	7	CHM13_G0040426	False
c3riboseqorf167	7	CHM13_T0160759	True
c3riboseqorf169	7	CHM13_G0040560	False
c3riboseqorf172	7	CHM13_T0161271	True
c3riboseqorf175	7	CHM13_G0040656	False
c3riboseqorf177	7	CHM13_G0040685	False
c3riboseqorf181	7	CHM13_T0161848	True
c3riboseqorf182	7	CHM13_T0162006	True
c3riboseqorf187	7	CHM13_G0040941	False
c3riboseqorf188	7	CHM13_G0040941	False
c3riboseqorf189	7	CHM13_G0040941	False
c3riboseqorf190	7	CHM13_G0040947	False
c3riboseqorf191	7	CHM13_G0040957	False
c3riboseqorf194	7	CHM13_T0163054	True
c4riboseqorf1	7	CHM13_T0163325	True
c4riboseqorf2	7	CHM13_G0041076	False
c4riboseqorf6	7	CHM13_G0041091	False
c4riboseqorf8	7	CHM13_G0041122	False
c4riboseqorf10	7	CHM13_G0041126	False
c4riboseqorf12	7	CHM13_T0164372	True
c4riboseqorf13	7	CHM13_G0041358	False
c4riboseqorf14	7	CHM13_T0164565	True
c4riboseqorf15	7	CHM13_G0041381	False
c4riboseqorf16	7	CHM13_T0164704	True
c4riboseqorf17	7	CHM13_T0164704	True
c4riboseqorf18	7	CHM13_G0041425	False
c4riboseqorf19	7	CHM13_G0041472	False
c4riboseqorf20	7	CHM13_G0041472	False
c4riboseqorf22	7	CHM13_G0041507	False
c4riboseqorf23	7	CHM13_G0041507	False
c4riboseqorf24	7	CHM13_G0041586	False
c4riboseqorf27	7	CHM13_T0165462	True
c4riboseqorf29	7	CHM13_T0165527	True
c4riboseqorf30	7	CHM13_G0041651	False
c4riboseqorf31	7	CHM13_G0041704	False
c4riboseqorf32	7	CHM13_G0041720	False
c4riboseqorf34	7	CHM13_G0041725	False
c4riboseqorf37	7	CHM13_T0165990	True
c4riboseqorf38	7	CHM13_T0165989	True
c4riboseqorf40	7	CHM13_G0041809	False
c4riboseqorf41	7	CHM13_G0041847	False
c4riboseqorf43	7	CHM13_G0041901	False
c4riboseqorf47	7	CHM13_G0042091	False
c4riboseqorf49	7	CHM13_G0042115	False
c4riboseqorf50	7	CHM13_G0042118	False
c4riboseqorf53	7	CHM13_G0042155	False
c4riboseqorf55	7	CHM13_G0042232	False
c4riboseqorf60	7	CHM13_G0042281	False
c4riboseqorf61	7	CHM13_G0042281	False
c4riboseqorf62	7	CHM13_G0042289	False
c4riboseqorf63	7	CHM13_G0042301	False
c4riboseqorf65	7	CHM13_G0042343	False
c4riboseqorf66	7	CHM13_G0042344	False
c4riboseqorf70	7	CHM13_G0042466	False
c4riboseqorf71	7	CHM13_G0042478	False
c4riboseqorf72	7	CHM13_G0042486	False
c4riboseqorf73	7	CHM13_T0168580	True
c4riboseqorf76	7	CHM13_G0042544	False
c4riboseqorf77	7	CHM13_G0042550	False
c4riboseqorf79	7	CHM13_G0042580	False
c4riboseqorf80	7	CHM13_G0042610	False
c4riboseqorf81	7	CHM13_G0042610	False
c4riboseqorf82	7	CHM13_G0042648	False
c4riboseqorf85	7	CHM13_T0169304	True
c4riboseqorf86	7	CHM13_G0042703	False
c4riboseqorf88	7	CHM13_G0042757	False
c4riboseqorf89	7	CHM13_G0042766	False
c4riboseqorf90	7	CHM13_T0169653	True
c4riboseqorf91	7	CHM13_T0169653	True
c4riboseqorf92	7	CHM13_G0042804	False
c4riboseqorf94	7	CHM13_G0042818	False
c4riboseqorf96	7	CHM13_G0042856	False
c4riboseqorf99	7	CHM13_G0042921	False
c4riboseqorf103	7	CHM13_G0042973	False
c4riboseqorf104	7	CHM13_G0042973	False
c4riboseqorf105	7	CHM13_G0043007	False
c4riboseqorf106	7	CHM13_G0043033	False
c4riboseqorf107	7	CHM13_G0043051	False
c4riboseqorf109	7	CHM13_G0043203	False
c4riboseqorf111	7	CHM13_G0043226	False
c4riboseqorf113	7	CHM13_G0043239	False
c4riboseqorf117	7	CHM13_G0043336	False
c4riboseqorf118	7	CHM13_G0043352	False
c4riboseqorf120	7	CHM13_G0043352	False
c4riboseqorf123	7	CHM13_G0043399	False
c4riboseqorf129	7	CHM13_G0043557	False
c4riboseqorf130	7	CHM13_G0043557	False
c4riboseqorf131	7	CHM13_G0043557	False
c4riboseqorf134	7	CHM13_G0043579	False
c5riboseqorf4	7	CHM13_G0043689	False
c5riboseqorf5	7	CHM13_G0043757	False
c5riboseqorf13	7	CHM13_G0043903	False
c5riboseqorf14	7	CHM13_G0043932	False
c5riboseqorf16	7	CHM13_G0044119	False
c5riboseqorf18	7	CHM13_G0044203	False
c5riboseqorf19	7	CHM13_G0044263	False
c5riboseqorf25	7	CHM13_G0044375	False
c5riboseqorf26	7	CHM13_G0044375	False
c5riboseqorf30	7	CHM13_G0044441	False
c5riboseqorf32	7	CHM13_T0175393	True
c5riboseqorf35	7	CHM13_G0044586	False
c5riboseqorf36	7	CHM13_T0175726	True
c5riboseqorf37	7	CHM13_T0175727	True
c5riboseqorf38	7	CHM13_G0044620	False
c5riboseqorf40	7	CHM13_G0044677	False
c5riboseqorf43	7	CHM13_G0044795	False
c5riboseqorf45	7	CHM13_T0176405	True
c5riboseqorf46	7	CHM13_G0044797	False
c5riboseqorf50	7	CHM13_G0044836	False
c5riboseqorf51	7	CHM13_G0044836	False
c5riboseqorf52	7	CHM13_G0044841	False
c5riboseqorf57	7	CHM13_G0044960	False
c5riboseqorf58	7	CHM13_G0044963	False
c5riboseqorf59	7	CHM13_G0044997	False
c5riboseqorf61	7	CHM13_G0045028	False
c5riboseqorf62	7	CHM13_G0045028	False
c5riboseqorf63	7	CHM13_G0045060	False
c5riboseqorf65	7	CHM13_G0045068	False
c5riboseqorf66	7	CHM13_G0045084	False
c5riboseqorf68	7	CHM13_G0045115	False
c5riboseqorf69	7	CHM13_G0045149	False
c5riboseqorf70	7	CHM13_G0045167	False
c5riboseqorf71	7	CHM13_T0177997	True
c5riboseqorf74	7	CHM13_T0178280	True
c5riboseqorf75	7	CHM13_G0045292	False
c5riboseqorf77	7	CHM13_G0045344	False
c5riboseqorf78	7	CHM13_G0045403	False
c5riboseqorf79	7	CHM13_G0045403	False
c5riboseqorf80	7	CHM13_G0045403	False
c5riboseqorf81	7	CHM13_G0045430	False
c5riboseqorf88	7	CHM13_G0045466	False
c5riboseqorf89	7	CHM13_T0178976	True
c5riboseqorf90	7	CHM13_G0045592	False
c5riboseqorf91	7	CHM13_G0045613	False
c5riboseqorf92	7	CHM13_T0179558	True
c5riboseqorf93	7	CHM13_T0179557	True
c5riboseqorf94	7	CHM13_G0045659	False
c5riboseqorf95	7	CHM13_T0179736	True
c5riboseqorf96	7	CHM13_T0179774	True
c5riboseqorf97	7	CHM13_G0045721	False
c5riboseqorf98	7	CHM13_G0045833	False
c5riboseqorf99	7	CHM13_G0045870	False
c5riboseqorf100	7	CHM13_T0180533	True
c5riboseqorf101	7	CHM13_G0045893	False
c5riboseqorf105	7	CHM13_G0045989	False
c5riboseqorf106	7	CHM13_G0045989	False
c5riboseqorf108	7	CHM13_T0181199	True
c5riboseqorf109	7	CHM13_G0046035	False
c5riboseqorf112	7	CHM13_G0046090	False
c5riboseqorf113	7	CHM13_G0046132	False
c5riboseqorf114	7	CHM13_G0046177	False
c5riboseqorf115	7	CHM13_G0046201	False
c5riboseqorf116	7	CHM13_G0046203	False
c5riboseqorf118	7	CHM13_G0046300	False
c5riboseqorf121	7	CHM13_G0046354	False
c5riboseqorf122	7	CHM13_G0046357	False
c5riboseqorf123	7	CHM13_G0046371	False
c5riboseqorf124	7	CHM13_G0046371	False
c5riboseqorf125	7	CHM13_T0182501	True
c5riboseqorf126	7	CHM13_T0182597	True
c5riboseqorf127	7	CHM13_G0046421	False
c5riboseqorf128	7	CHM13_G0046455	False
c5riboseqorf131	7	CHM13_T0182825	True
c5riboseqorf132	7	CHM13_G0046495	False
c5riboseqorf134	7	CHM13_G0046554	False
c5riboseqorf138	7	CHM13_G0046579	False
c5riboseqorf139	7	CHM13_T0183442	True
c5riboseqorf141	7	CHM13_G0046579	False
c5riboseqorf144	7	CHM13_T0183493	True
c5riboseqorf146	7	CHM13_G0046606	False
c6riboseqorf1	7	CHM13_G0046674	False
c6riboseqorf4	7	CHM13_G0046783	False
c6riboseqorf5	7	CHM13_G0046789	False
c6riboseqorf6	7	CHM13_G0046817	False
c6riboseqorf9	7	CHM13_G0046879	False
c6riboseqorf10	7	CHM13_T0184594	True
c6riboseqorf13	7	CHM13_T0184681	True
c6riboseqorf16	7	CHM13_G0046993	False
c6riboseqorf18	7	CHM13_T0185143	True
c6riboseqorf20	7	CHM13_G0047116	False
c6riboseqorf21	7	CHM13_G0047117	False
c6riboseqorf23	7	CHM13_T0185313	True
c6riboseqorf25	7	CHM13_G0047155	False
c6riboseqorf32	7	CHM13_G0047247	False
c6riboseqorf41	7	CHM13_G0047471	False
c6riboseqorf43	7	CHM13_T0186487	True
c6riboseqorf46	7	CHM13_G0047523	False
c6riboseqorf47	7	CHM13_G0047552	False
c6riboseqorf48	7	CHM13_G0047585	False
c6riboseqorf49	7	CHM13_G0047585	False
c6riboseqorf50	7	CHM13_G0047585	False
c6riboseqorf51	7	CHM13_G0047600	False
c6riboseqorf52	7	CHM13_G0047610	False
c6riboseqorf55	7	CHM13_G0047627	False
c6riboseqorf56	7	CHM13_G0047654	False
c6riboseqorf57	7	CHM13_G0047657	False
c6riboseqorf60	7	CHM13_G0047682	False
c6riboseqorf61	7	CHM13_G0047685	False
c6riboseqorf62	7	CHM13_G0047741	False
c6riboseqorf63	7	CHM13_G0047750	False
c6riboseqorf64	7	CHM13_G0047782	False
c6riboseqorf70	7	CHM13_G0047878	False
c6riboseqorf72	7	CHM13_G0047971	False
c6riboseqorf73	7	CHM13_T0188483	True
c6riboseqorf74	7	CHM13_G0047982	False
c6riboseqorf77	7	CHM13_G0048072	False
c6riboseqorf78	7	CHM13_G0048074	False
c6riboseqorf79	7	CHM13_G0048121	False
c6riboseqorf80	7	CHM13_G0048139	False
c6riboseqorf81	7	CHM13_G0048182	False
c6riboseqorf82	7	CHM13_G0048185	False
c6riboseqorf83	7	CHM13_G0048219	False
c6riboseqorf87	7	CHM13_G0048307	False
c6riboseqorf88	7	CHM13_G0048318	False
c6riboseqorf89	7	CHM13_G0048393	False
c6riboseqorf94	7	CHM13_G0048562	False
c6riboseqorf96	7	CHM13_G0048581	False
c6riboseqorf100	7	CHM13_G0048611	False
c6riboseqorf101	7	CHM13_G0048617	False
c6riboseqorf103	7	CHM13_G0048661	False
c6riboseqorf104	7	CHM13_G0048670	False
c6riboseqorf105	7	CHM13_G0048708	False
c6riboseqorf106	7	CHM13_G0048718	False
c6riboseqorf107	7	CHM13_T0190883	True
c6riboseqorf108	7	CHM13_G0048738	False
c6riboseqorf109	7	CHM13_G0048767	False
c6riboseqorf113	7	CHM13_G0048782	False
c6riboseqorf114	7	CHM13_G0048835	False
c6riboseqorf115	7	CHM13_G0048847	False
c6riboseqorf118	7	CHM13_G0048942	False
c6riboseqorf121	7	CHM13_T0191632	True
c6riboseqorf122	7	CHM13_G0048959	False
c6riboseqorf123	7	CHM13_G0048976	False
c6riboseqorf125	7	CHM13_T0191932	True
c6riboseqorf126	7	CHM13_G0049094	False
c6riboseqorf128	7	CHM13_G0049117	False
c6riboseqorf129	7	CHM13_G0049161	False
c6riboseqorf131	7	CHM13_G0049171	False
c6riboseqorf132	7	CHM13_G0049227	False
c6riboseqorf133	7	CHM13_G0049234	False
c6riboseqorf134	7	CHM13_G0049321	False
c6riboseqorf136	7	CHM13_G0049449	False
c6riboseqorf138	7	CHM13_G0049483	False
c7riboseqorf3	7	CHM13_G0049714	False
c7riboseqorf9	7	CHM13_G0049745	False
c7riboseqorf12	7	CHM13_G0049809	False
c7riboseqorf13	7	CHM13_T0194935	True
c7riboseqorf18	7	CHM13_G0049992	False
c7riboseqorf19	7	CHM13_G0049997	False
c7riboseqorf20	7	CHM13_G0050021	False
c7riboseqorf22	7	CHM13_T0195628	True
c7riboseqorf23	7	CHM13_G0050097	False
c7riboseqorf24	7	CHM13_G0050132	False
c7riboseqorf27	7	CHM13_T0195972	True
c7riboseqorf28	7	CHM13_T0196123	True
c7riboseqorf29	7	CHM13_G0050207	False
c7riboseqorf30	7	CHM13_G0050226	False
c7riboseqorf31	7	CHM13_G0050232	False
c7riboseqorf33	7	CHM13_G0050259	False
c7riboseqorf34	7	CHM13_G0050265	False
c7riboseqorf35	7	CHM13_T0196456	True
c7riboseqorf36	7	CHM13_G0050285	False
c7riboseqorf37	7	CHM13_G0050315	False
c7riboseqorf39	7	CHM13_G0050333	False
c7riboseqorf55	7	CHM13_G0050858	False
c7riboseqorf58	7	CHM13_G0050968	False
c7riboseqorf60	7	CHM13_G0051049	False
c7riboseqorf67	7	CHM13_G0051209	False
c7riboseqorf68	7	CHM13_T0199489	True
c7riboseqorf69	7	CHM13_G0051255	False
c7riboseqorf71	7	CHM13_G0051257	False
c7riboseqorf76	7	CHM13_G0051307	False
c7riboseqorf79	7	CHM13_G0051314	False
c7riboseqorf81	7	CHM13_T0199851	True
c7riboseqorf82	7	CHM13_T0199865	True
c7riboseqorf83	7	CHM13_G0051357	False
c7riboseqorf84	7	CHM13_G0051365	False
c7riboseqorf85	7	CHM13_G0051431	False
c7riboseqorf87	7	CHM13_G0051456	False
c7riboseqorf89	7	CHM13_T0200519	True
c7riboseqorf91	7	CHM13_G0051464	False
c7riboseqorf93	7	CHM13_G0051467	False
c7riboseqorf95	7	CHM13_T0200898	True
c7riboseqorf96	7	CHM13_G0051531	False
c7riboseqorf97	7	CHM13_G0051544	False
c7riboseqorf98	7	CHM13_G0051569	False
c7riboseqorf99	7	CHM13_G0051578	False
c7riboseqorf101	7	CHM13_G0051592	False
c7riboseqorf102	7	CHM13_G0051612	False
c7riboseqorf104	7	CHM13_G0051650	False
c7riboseqorf107	7	CHM13_G0051669	False
c7riboseqorf108	7	CHM13_G0051709	False
c7riboseqorf114	7	CHM13_G0051730	False
c7riboseqorf115	7	CHM13_G0051771	False
c7riboseqorf117	7	CHM13_G0051868	False
c7riboseqorf123	7	CHM13_G0052016	False
c7riboseqorf124	7	CHM13_G0052018	False
c7riboseqorf136	7	CHM13_G0052213	False
c7riboseqorf138	7	CHM13_G0052233	False
c7riboseqorf140	7	CHM13_T0204202	True
c7riboseqorf143	7	CHM13_G0052576	False
c7riboseqorf144	7	CHM13_G0052576	False
c7riboseqorf146	7	CHM13_T0204658	True
c7riboseqorf148	7	CHM13_G0052582	False
c7riboseqorf149	7	CHM13_G0052588	False
c7riboseqorf150	7	CHM13_G0052588	False
c7riboseqorf151	7	CHM13_G0052590	False
c7riboseqorf165	7	CHM13_G0052679	False
c8riboseqorf7	7	CHM13_G0052789	False
c8riboseqorf13	7	CHM13_G0053058	False
c8riboseqorf14	7	CHM13_G0053082	False
c8riboseqorf17	7	CHM13_G0053111	False
c8riboseqorf20	7	CHM13_T0206439	True
c8riboseqorf21	7	CHM13_G0053182	False
c8riboseqorf22	7	CHM13_G0053206	False
c8riboseqorf23	7	CHM13_G0053210	False
c8riboseqorf24	7	CHM13_G0053218	False
c8riboseqorf25	7	CHM13_G0053218	False
c8riboseqorf30	7	CHM13_G0053266	False
c8riboseqorf31	7	CHM13_T0207292	True
c8riboseqorf32	7	CHM13_G0053340	False
c8riboseqorf33	7	CHM13_T0207312	True
c8riboseqorf34	7	CHM13_T0207312	True
c8riboseqorf35	7	CHM13_T0207312	True
c8riboseqorf37	7	CHM13_G0053425	False
c8riboseqorf40	7	CHM13_T0208138	True
c8riboseqorf41	7	CHM13_T0208136	True
c8riboseqorf42	7	CHM13_T0208172	True
c8riboseqorf45	7	CHM13_T0208298	True
c8riboseqorf48	7	CHM13_G0053741	False
c8riboseqorf49	7	CHM13_G0053761	False
c8riboseqorf50	7	CHM13_G0053802	False
c8riboseqorf52	7	CHM13_G0053934	False
c8riboseqorf53	7	CHM13_G0053934	False
c8riboseqorf57	7	CHM13_G0053965	False
c8riboseqorf58	7	CHM13_G0053995	False
c8riboseqorf60	7	CHM13_G0053996	False
c8riboseqorf61	7	CHM13_G0054011	False
c8riboseqorf62	7	CHM13_G0054020	False
c8riboseqorf73	7	CHM13_T0210575	True
c8riboseqorf74	7	CHM13_G0054302	False
c8riboseqorf75	7	CHM13_T0210786	True
c8riboseqorf81	7	CHM13_G0054454	False
c8riboseqorf82	7	CHM13_G0054454	False
c8riboseqorf83	7	CHM13_G0054528	False
c8riboseqorf87	7	CHM13_G0054551	False
c8riboseqorf88	7	CHM13_G0054569	False
c8riboseqorf89	7	CHM13_G0054576	False
c8riboseqorf90	7	CHM13_G0054635	False
c8riboseqorf91	7	CHM13_G0054640	False
c8riboseqorf93	7	CHM13_G0054697	False
c8riboseqorf94	7	CHM13_G0054697	False
c8riboseqorf95	7	CHM13_G0054718	False
c8riboseqorf96	7	CHM13_G0054718	False
c8riboseqorf97	7	CHM13_G0054728	False
c8riboseqorf98	7	CHM13_T0212402	True
c8riboseqorf99	7	CHM13_G0054796	False
c8riboseqorf100	7	CHM13_G0054804	False
c8riboseqorf101	7	CHM13_G0054814	False
c8riboseqorf102	7	CHM13_T0212635	True
c8riboseqorf103	7	CHM13_G0054836	False
c8riboseqorf109	7	CHM13_T0213457	True
c8riboseqorf112	7	CHM13_G0054921	False
c8riboseqorf113	7	CHM13_T0213753	True
c8riboseqorf114	7	CHM13_G0055004	False
c8riboseqorf115	7	CHM13_G0055056	False
c8riboseqorf116	7	CHM13_T0213920	True
c8riboseqorf118	7	CHM13_G0055118	False
c8riboseqorf119	7	CHM13_G0055126	False
c8riboseqorf120	7	CHM13_G0055131	False
c8riboseqorf121	7	CHM13_G0055146	False
c8riboseqorf122	7	CHM13_G0055150	False
c8riboseqorf123	7	CHM13_G0055150	False
c8riboseqorf124	7	CHM13_G0055153	False
c9riboseqorf6	7	CHM13_G0055350	False
c9riboseqorf7	7	CHM13_G0055366	False
c9riboseqorf8	7	CHM13_T0215303	True
c9riboseqorf10	7	CHM13_G0055444	False
c9riboseqorf11	7	CHM13_G0055474	False
c9riboseqorf12	7	CHM13_G0055504	False
c9riboseqorf13	7	CHM13_T0215733	True
c9riboseqorf15	7	CHM13_G0055658	False
c9riboseqorf16	7	CHM13_G0055661	False
c9riboseqorf18	7	CHM13_G0055681	False
c9riboseqorf21	7	CHM13_G0055719	False
c9riboseqorf22	7	CHM13_G0055719	False
c9riboseqorf23	7	CHM13_G0055723	False
c9riboseqorf25	7	CHM13_G0055746	False
c9riboseqorf36	7	CHM13_G0055820	False
c9riboseqorf40	7	CHM13_G0056161	False
c9riboseqorf41	7	CHM13_G0056161	False
c9riboseqorf42	7	CHM13_G0056168	False
c9riboseqorf43	7	CHM13_T0217582	True
c9riboseqorf44	7	CHM13_G0056249	False
c9riboseqorf45	7	CHM13_G0056272	False
c9riboseqorf49	7	CHM13_T0217996	True
c9riboseqorf50	7	CHM13_G0056351	False
c9riboseqorf53	7	CHM13_T0218267	True
c9riboseqorf54	7	CHM13_T0218352	True
c9riboseqorf56	4	.	False
c9riboseqorf61	7	CHM13_T0218870	True
c9riboseqorf63	7	CHM13_G0056734	False
c9riboseqorf64	7	CHM13_G0056761	False
c9riboseqorf65	7	CHM13_T0219335	True
c9riboseqorf68	7	CHM13_T0219608	True
c9riboseqorf70	7	CHM13_G0056938	False
c9riboseqorf75	7	CHM13_G0056948	False
c9riboseqorf77	7	CHM13_G0056970	False
c9riboseqorf78	7	CHM13_G0056994	False
c9riboseqorf80	7	CHM13_G0057020	False
c9riboseqorf81	7	CHM13_G0057045	False
c9riboseqorf82	7	CHM13_G0057109	False
c9riboseqorf84	7	CHM13_G0057113	False
c9riboseqorf86	7	CHM13_G0057153	False
c9riboseqorf87	7	CHM13_T0220888	True
c9riboseqorf89	7	CHM13_G0057176	False
c9riboseqorf97	7	CHM13_G0057222	False
c9riboseqorf98	7	CHM13_G0057240	False
c9riboseqorf99	7	CHM13_T0221376	True
c9riboseqorf101	7	CHM13_G0057269	False
c9riboseqorf102	7	CHM13_G0057273	False
c9riboseqorf103	7	CHM13_T0221628	True
c9riboseqorf105	7	CHM13_G0057335	False
c9riboseqorf109	7	CHM13_G0057375	False
c9riboseqorf112	7	CHM13_G0057408	False
c9riboseqorf113	7	CHM13_G0057419	False
c9riboseqorf117	7	CHM13_G0057467	False
c9riboseqorf119	7	CHM13_G0057471	False
c10riboseqorf3	7	CHM13_G0005537	False
c10riboseqorf10	7	CHM13_G0005634	False
c10riboseqorf12	7	CHM13_G0005646	False
c10riboseqorf14	7	CHM13_G0005719	False
c10riboseqorf15	7	CHM13_G0005753	False
c10riboseqorf16	7	CHM13_G0005757	False
c10riboseqorf18	7	CHM13_G0005817	False
c10riboseqorf19	7	CHM13_G0005817	False
c10riboseqorf21	7	CHM13_T0021930	True
c10riboseqorf24	7	CHM13_G0005924	False
c10riboseqorf25	7	CHM13_G0005940	False
c10riboseqorf28	7	CHM13_G0006015	False
c10riboseqorf34	7	CHM13_G0006221	False
c10riboseqorf35	7	CHM13_T0022840	True
c10riboseqorf36	7	CHM13_G0006222	False
c10riboseqorf37	7	CHM13_T0023119	True
c10riboseqorf39	7	CHM13_T0023219	True
c10riboseqorf42	7	CHM13_G0006416	False
c10riboseqorf43	7	CHM13_G0006421	False
c10riboseqorf44	7	CHM13_G0006425	False
c10riboseqorf45	7	CHM13_G0006432	False
c10riboseqorf46	7	CHM13_G0006456	False
c10riboseqorf52	7	CHM13_G0006517	False
c10riboseqorf60	7	CHM13_G0006689	False
c10riboseqorf61	7	CHM13_G0006689	False
c10riboseqorf63	7	CHM13_G0006700	False
c10riboseqorf66	7	CHM13_G0006735	False
c10riboseqorf67	7	CHM13_G0006852	False
c10riboseqorf68	7	CHM13_G0006881	False
c10riboseqorf70	7	CHM13_G0006888	False
c10riboseqorf73	7	CHM13_G0006932	False
c10riboseqorf74	7	CHM13_T0025238	True
c10riboseqorf75	7	CHM13_T0025374	True
c10riboseqorf76	7	CHM13_T0025402	True
c10riboseqorf77	7	CHM13_G0007016	False
c10riboseqorf84	7	CHM13_G0007138	False
c10riboseqorf85	7	CHM13_G0007138	False
c10riboseqorf88	7	CHM13_T0026031	True
c10riboseqorf89	7	CHM13_G0007189	False
c10riboseqorf93	7	CHM13_G0007212	False
c10riboseqorf95	7	CHM13_G0007218	False
c10riboseqorf96	7	CHM13_G0007218	False
c10riboseqorf97	7	CHM13_T0026242	True
c10riboseqorf98	7	CHM13_G0007255	False
c10riboseqorf99	7	CHM13_G0007263	False
c10riboseqorf105	7	CHM13_T0026451	True
c10riboseqorf106	7	CHM13_G0007291	False
c10riboseqorf107	7	CHM13_T0026620	True
c10riboseqorf109	7	CHM13_G0007390	False
c10riboseqorf110	7	CHM13_T0026945	True
c10riboseqorf112	7	CHM13_G0007428	False
c10riboseqorf113	7	CHM13_G0007428	False
c10riboseqorf114	7	CHM13_G0007428	False
c10riboseqorf116	7	CHM13_G0007452	False
c10riboseqorf117	7	CHM13_G0007458	False
c10riboseqorf118	7	CHM13_G0007474	False
c10riboseqorf119	7	CHM13_T0027229	True
c10riboseqorf120	7	CHM13_G0007493	False
c10riboseqorf124	7	CHM13_G0007567	False
c10riboseqorf126	7	CHM13_T0027650	True
c10riboseqorf128	7	CHM13_T0027697	True
c10riboseqorf129	7	CHM13_T0027694	True
c10riboseqorf132	7	CHM13_G0007709	False
c11riboseqorf1	7	CHM13_G0007803	False
c11riboseqorf2	7	CHM13_G0007803	False
c11riboseqorf8	7	CHM13_G0007957	False
c11riboseqorf9	7	CHM13_T0029628	True
c11riboseqorf12	7	CHM13_G0008247	False
c11riboseqorf13	7	CHM13_G0008264	False
c11riboseqorf14	7	CHM13_G0008269	False
c11riboseqorf15	7	CHM13_G0008283	False
c11riboseqorf16	7	CHM13_G0008292	False
c11riboseqorf17	7	CHM13_G0008302	False
c11riboseqorf18	7	CHM13_T0030372	True
c11riboseqorf20	7	CHM13_G0008313	False
c11riboseqorf21	7	CHM13_G0008329	False
c11riboseqorf24	7	CHM13_G0008374	False
c11riboseqorf25	7	CHM13_G0008376	False
c11riboseqorf27	7	CHM13_G0008443	False
c11riboseqorf30	7	CHM13_G0008480	False
c11riboseqorf33	7	CHM13_G0008521	False
c11riboseqorf34	7	CHM13_G0008553	False
c11riboseqorf35	7	CHM13_G0008557	False
c11riboseqorf36	7	CHM13_G0008566	False
c11riboseqorf40	7	CHM13_G0008648	False
c11riboseqorf41	7	CHM13_G0008668	False
c11riboseqorf42	7	CHM13_G0008693	False
c11riboseqorf43	7	CHM13_G0008813	False
c11riboseqorf44	7	CHM13_G0008813	False
c11riboseqorf47	7	CHM13_G0008828	False
c11riboseqorf55	7	CHM13_G0008861	False
c11riboseqorf56	7	CHM13_G0009137	False
c11riboseqorf57	7	CHM13_T0033441	True
c11riboseqorf58	7	CHM13_T0033441	True
c11riboseqorf59	7	CHM13_T0033441	True
c11riboseqorf60	7	CHM13_G0009137	False
c11riboseqorf61	7	CHM13_G0009182	False
c11riboseqorf64	7	CHM13_T0033638	True
c11riboseqorf65	7	CHM13_G0009298	False
c11riboseqorf66	5	CHM13_G0009298	False
c11riboseqorf70	7	CHM13_G0009378	False
c11riboseqorf77	7	CHM13_G0009438	False
c11riboseqorf78	7	CHM13_G0009456	False
c11riboseqorf80	7	CHM13_G0009464	False
c11riboseqorf81	7	CHM13_G0009465	False
c11riboseqorf82	7	CHM13_G0009490	False
c11riboseqorf83	7	CHM13_G0009512	False
c11riboseqorf88	7	CHM13_G0009565	False
c11riboseqorf89	7	CHM13_G0009567	False
c11riboseqorf90	7	CHM13_G0009568	False
c11riboseqorf91	7	CHM13_G0009589	False
c11riboseqorf92	7	CHM13_G0009613	False
c11riboseqorf93	7	CHM13_G0009614	False
c11riboseqorf96	7	CHM13_G0009690	False
c11riboseqorf100	7	CHM13_G0009758	False
c11riboseqorf101	7	CHM13_G0009758	False
c11riboseqorf103	7	CHM13_T0036655	True
c11riboseqorf107	7	CHM13_G0009926	False
c11riboseqorf109	7	CHM13_G0009967	False
c11riboseqorf110	7	CHM13_G0009996	False
c11riboseqorf113	7	CHM13_G0010037	False
c11riboseqorf121	7	CHM13_G0010120	False
c11riboseqorf122	7	CHM13_T0038079	True
c11riboseqorf124	7	CHM13_G0010143	False
c11riboseqorf125	7	CHM13_G0010338	False
c11riboseqorf126	7	CHM13_G0010354	False
c11riboseqorf127	7	CHM13_G0010354	False
c11riboseqorf128	7	CHM13_G0010431	False
c11riboseqorf129	7	CHM13_T0038928	True
c11riboseqorf130	7	CHM13_G0010495	False
c11riboseqorf131	7	CHM13_G0010511	False
c11riboseqorf132	7	CHM13_G0010522	False
c11riboseqorf135	7	CHM13_G0010607	False
c11riboseqorf136	7	CHM13_G0010607	False
c11riboseqorf139	7	CHM13_G0010660	False
c11riboseqorf140	7	CHM13_G0010666	False
c11riboseqorf141	4	.	False
c11riboseqorf142	7	CHM13_G0010719	False
c11riboseqorf144	7	CHM13_G0010725	False
c11riboseqorf145	7	CHM13_G0010784	False
c11riboseqorf148	7	CHM13_T0040411	True
c11riboseqorf149	7	CHM13_G0010820	False
c11riboseqorf150	7	CHM13_G0010851	False
c11riboseqorf152	7	CHM13_G0010901	False
c11riboseqorf154	7	CHM13_T0041009	True
c11riboseqorf156	7	CHM13_G0010997	False
c11riboseqorf158	7	CHM13_G0011035	False
c11riboseqorf159	7	CHM13_T0041601	True
c11riboseqorf160	7	CHM13_G0011082	False
c11riboseqorf161	7	CHM13_G0011101	False
c11riboseqorf163	7	CHM13_G0011140	False
c12riboseqorf2	7	CHM13_G0011179	False
c12riboseqorf3	7	CHM13_G0011179	False
c12riboseqorf4	7	CHM13_G0011201	False
c12riboseqorf5	7	CHM13_G0011229	False
c12riboseqorf6	7	CHM13_G0011287	False
c12riboseqorf7	7	CHM13_G0011304	False
c12riboseqorf12	7	CHM13_G0011359	False
c12riboseqorf14	7	CHM13_G0011371	False
c12riboseqorf16	7	CHM13_G0011412	False
c12riboseqorf17	7	CHM13_G0011470	False
c12riboseqorf20	7	CHM13_G0011594	False
c12riboseqorf22	7	CHM13_T0043869	True
c12riboseqorf23	7	CHM13_G0011611	False
c12riboseqorf26	7	CHM13_G0011766	False
c12riboseqorf28	7	CHM13_G0011773	False
c12riboseqorf31	7	CHM13_G0011840	False
c12riboseqorf32	7	CHM13_G0011841	False
c12riboseqorf33	7	CHM13_G0011906	False
c12riboseqorf39	7	CHM13_G0012084	False
c12riboseqorf40	7	CHM13_G0012104	False
c12riboseqorf45	7	CHM13_G0012116	False
c12riboseqorf46	7	CHM13_T0045708	True
c12riboseqorf47	7	CHM13_G0012163	False
c12riboseqorf49	7	CHM13_G0012239	False
c12riboseqorf50	7	CHM13_T0046270	True
c12riboseqorf55	7	CHM13_G0012290	False
c12riboseqorf56	7	CHM13_G0012316	False
c12riboseqorf57	7	CHM13_G0012408	False
c12riboseqorf60	7	CHM13_T0047172	True
c12riboseqorf61	7	CHM13_G0012426	False
c12riboseqorf67	7	CHM13_T0047502	True
c12riboseqorf68	7	CHM13_G0012491	False
c12riboseqorf69	7	CHM13_G0012561	False
c12riboseqorf71	7	CHM13_G0012598	False
c12riboseqorf72	7	CHM13_G0012602	False
c12riboseqorf73	7	CHM13_G0012603	False
c12riboseqorf74	7	CHM13_G0012603	False
c12riboseqorf75	7	CHM13_G0012603	False
c12riboseqorf81	7	CHM13_G0012693	False
c12riboseqorf82	7	CHM13_G0012695	False
c12riboseqorf89	7	CHM13_G0012762	False
c12riboseqorf90	7	CHM13_G0012801	False
c12riboseqorf91	7	CHM13_G0012871	False
c12riboseqorf92	7	CHM13_G0012900	False
c12riboseqorf94	7	CHM13_T0049547	True
c12riboseqorf95	7	CHM13_G0012929	False
c12riboseqorf96	7	CHM13_G0012938	False
c12riboseqorf98	7	CHM13_G0012958	False
c12riboseqorf101	7	CHM13_T0050357	True
c12riboseqorf102	7	CHM13_G0013136	False
c12riboseqorf103	7	CHM13_G0013138	False
c12riboseqorf105	7	CHM13_G0013151	False
c12riboseqorf106	7	CHM13_G0013158	False
c12riboseqorf108	7	CHM13_G0013190	False
c12riboseqorf109	7	CHM13_G0013216	False
c12riboseqorf112	7	CHM13_G0013254	False
c12riboseqorf115	7	CHM13_G0013332	False
c12riboseqorf116	7	CHM13_G0013343	False
c12riboseqorf117	7	CHM13_G0013343	False
c12riboseqorf118	7	CHM13_G0013428	False
c12riboseqorf119	7	CHM13_G0013437	False
c12riboseqorf120	7	CHM13_G0013460	False
c12riboseqorf122	7	CHM13_G0013536	False
c12riboseqorf123	7	CHM13_G0013536	False
c12riboseqorf126	7	CHM13_G0013572	False
c12riboseqorf127	7	CHM13_G0013587	False
c12riboseqorf133	7	CHM13_G0013602	False
c12riboseqorf134	7	CHM13_G0013602	False
c12riboseqorf136	7	CHM13_G0013615	False
c12riboseqorf137	7	CHM13_G0013615	False
c12riboseqorf138	7	CHM13_G0013640	False
c12riboseqorf140	7	CHM13_T0052514	True
c12riboseqorf141	7	CHM13_T0052534	True
c12riboseqorf148	7	CHM13_G0013793	False
c12riboseqorf154	7	CHM13_G0013814	False
c12riboseqorf155	7	CHM13_G0013835	False
c12riboseqorf158	7	CHM13_T0053611	True
c12riboseqorf160	7	CHM13_G0013924	False
c12riboseqorf161	7	CHM13_G0013939	False
c12riboseqorf163	7	CHM13_T0053777	True
c12riboseqorf164	7	CHM13_T0053777	True
c12riboseqorf165	7	CHM13_G0013959	False
c12riboseqorf166	7	CHM13_G0014131	False
c12riboseqorf167	7	CHM13_T0054641	True
c12riboseqorf168	7	CHM13_G0014196	False
c13riboseqorf2	7	CHM13_G0014305	False
c13riboseqorf3	7	CHM13_T0054928	True
c13riboseqorf4	7	CHM13_G0014328	False
c13riboseqorf5	7	CHM13_G0014384	False
c13riboseqorf6	7	CHM13_G0014391	False
c13riboseqorf7	7	CHM13_T0055208	True
c13riboseqorf8	7	CHM13_G0014450	False
c13riboseqorf12	7	CHM13_G0014503	False
c13riboseqorf13	7	CHM13_G0014508	False
c13riboseqorf15	7	CHM13_G0014514	False
c13riboseqorf16	7	CHM13_G0014514	False
c13riboseqorf17	7	CHM13_G0014514	False
c13riboseqorf19	7	CHM13_G0014629	False
c13riboseqorf20	7	CHM13_G0014655	False
c13riboseqorf21	7	CHM13_G0014656	False
c13riboseqorf24	7	CHM13_G0014688	False
c13riboseqorf29	7	CHM13_G0014818	False
c13riboseqorf30	7	CHM13_G0014846	False
c13riboseqorf31	7	CHM13_G0014854	False
c13riboseqorf38	7	CHM13_G0015087	False
c13riboseqorf39	7	CHM13_G0015155	False
c13riboseqorf40	7	CHM13_T0057677	True
c13riboseqorf44	7	CHM13_G0015354	False
c13riboseqorf45	7	CHM13_T0057947	True
c13riboseqorf46	7	CHM13_G0015358	False
c13riboseqorf50	7	CHM13_T0058213	True
c13riboseqorf52	7	CHM13_G0015459	False
c13riboseqorf53	7	CHM13_G0015461	False
c13riboseqorf56	7	CHM13_G0015506	False
c13riboseqorf58	7	CHM13_T0058918	True
c14riboseqorf1	7	CHM13_G0015745	False
c14riboseqorf3	7	CHM13_G0015774	False
c14riboseqorf4	7	CHM13_G0015815	False
c14riboseqorf5	7	CHM13_G0015815	False
c14riboseqorf7	7	CHM13_G0015997	False
c14riboseqorf8	7	CHM13_T0060042	True
c14riboseqorf9	7	CHM13_G0016009	False
c14riboseqorf10	7	CHM13_G0016034	False
c14riboseqorf11	7	CHM13_G0016034	False
c14riboseqorf16	7	CHM13_G0016057	False
c14riboseqorf18	7	CHM13_G0016083	False
c14riboseqorf19	7	CHM13_G0016084	False
c14riboseqorf20	7	CHM13_G0016086	False
c14riboseqorf22	7	CHM13_G0016167	False
c14riboseqorf28	7	CHM13_T0061503	True
c14riboseqorf30	7	CHM13_G0016312	False
c14riboseqorf31	7	CHM13_G0016375	False
c14riboseqorf32	7	CHM13_G0016378	False
c14riboseqorf33	7	CHM13_G0016465	False
c14riboseqorf34	7	CHM13_G0016465	False
c14riboseqorf39	7	CHM13_G0016557	False
c14riboseqorf44	7	CHM13_G0016604	False
c14riboseqorf57	7	CHM13_G0016654	False
c14riboseqorf58	7	CHM13_G0016660	False
c14riboseqorf60	7	CHM13_G0016681	False
c14riboseqorf64	7	CHM13_G0016707	False
c14riboseqorf65	7	CHM13_T0063053	True
c14riboseqorf67	7	CHM13_G0016748	False
c14riboseqorf68	7	CHM13_G0016769	False
c14riboseqorf69	7	CHM13_T0063373	True
c14riboseqorf71	7	CHM13_G0016849	False
c14riboseqorf74	7	CHM13_G0016883	False
c14riboseqorf76	7	CHM13_G0016890	False
c14riboseqorf78	7	CHM13_T0063774	True
c14riboseqorf79	7	CHM13_T0063857	True
c14riboseqorf82	7	CHM13_G0016951	False
c14riboseqorf83	7	CHM13_G0016967	False
c14riboseqorf86	7	CHM13_T0064177	True
c14riboseqorf87	7	CHM13_T0064177	True
c14riboseqorf88	7	CHM13_G0016998	False
c14riboseqorf91	7	CHM13_G0017027	False
c14riboseqorf94	7	CHM13_G0017161	False
c14riboseqorf96	7	CHM13_G0017188	False
c14riboseqorf99	7	CHM13_T0065254	True
c14riboseqorf100	7	CHM13_G0017250	False
c14riboseqorf101	7	CHM13_G0017261	False
c14riboseqorf102	7	CHM13_G0017261	False
c14riboseqorf103	7	CHM13_G0017265	False
c14riboseqorf104	7	CHM13_G0017280	False
c14riboseqorf105	7	CHM13_G0017331	False
c14riboseqorf109	7	CHM13_G0017366	False
c14riboseqorf110	7	CHM13_G0017421	False
c14riboseqorf111	7	CHM13_G0017421	False
c14riboseqorf113	7	CHM13_G0017595	False
c14riboseqorf114	7	CHM13_G0017596	False
c14riboseqorf116	7	CHM13_G0017612	False
c14riboseqorf118	7	CHM13_G0017635	False
c14riboseqorf119	7	CHM13_G0017635	False
c14riboseqorf124	7	CHM13_G0017708	False
c15riboseqorf1	7	CHM13_G0018044	False
c15riboseqorf3	7	CHM13_G0018080	False
c15riboseqorf6	7	CHM13_G0018327	False
c15riboseqorf11	7	CHM13_G0018451	False
c15riboseqorf12	7	CHM13_G0018451	False
c15riboseqorf13	7	CHM13_G0018451	False
c15riboseqorf20	7	CHM13_G0018604	False
c15riboseqorf21	7	CHM13_G0018622	False
c15riboseqorf22	7	CHM13_G0018643	False
c15riboseqorf24	7	CHM13_G0018667	False
c15riboseqorf27	7	CHM13_G0018692	False
c15riboseqorf31	7	CHM13_G0018758	False
c15riboseqorf40	7	CHM13_T0070808	True
c15riboseqorf44	7	CHM13_G0019040	False
c15riboseqorf45	7	CHM13_T0071715	True
c15riboseqorf47	7	CHM13_G0019159	False
c15riboseqorf49	7	CHM13_G0019202	False
c15riboseqorf50	7	CHM13_G0019202	False
c15riboseqorf51	7	CHM13_G0019202	False
c15riboseqorf52	7	CHM13_G0019202	False
c15riboseqorf53	7	CHM13_G0019232	False
c15riboseqorf54	7	CHM13_G0019265	False
c15riboseqorf55	7	CHM13_G0019297	False
c15riboseqorf56	7	CHM13_T0072621	True
c15riboseqorf57	7	CHM13_G0019348	False
c15riboseqorf62	7	CHM13_G0019353	False
c15riboseqorf63	7	CHM13_G0019353	False
c15riboseqorf65	7	CHM13_G0019379	False
c15riboseqorf72	7	CHM13_G0019438	False
c15riboseqorf73	7	CHM13_T0073346	True
c15riboseqorf74	7	CHM13_G0019444	False
c15riboseqorf75	7	CHM13_G0019483	False
c15riboseqorf79	7	CHM13_G0019598	False
c15riboseqorf80	7	CHM13_G0019598	False
c15riboseqorf81	7	CHM13_G0019598	False
c15riboseqorf82	7	CHM13_G0019598	False
c15riboseqorf84	7	CHM13_G0019656	False
c15riboseqorf85	7	CHM13_T0074381	True
c15riboseqorf86	7	CHM13_G0019732	False
c15riboseqorf87	7	CHM13_G0019799	False
c15riboseqorf88	7	CHM13_G0019804	False
c15riboseqorf89	7	CHM13_T0074690	True
c15riboseqorf90	7	CHM13_T0075003	True
c15riboseqorf94	7	CHM13_G0019984	False
c15riboseqorf95	7	CHM13_G0019984	False
c15riboseqorf96	7	CHM13_G0019984	False
c15riboseqorf98	7	CHM13_G0020028	False
c15riboseqorf99	7	CHM13_G0020069	False
c15riboseqorf100	7	CHM13_G0020071	False
c15riboseqorf102	7	CHM13_T0075848	True
c15riboseqorf103	7	CHM13_G0020090	False
c16riboseqorf3	7	CHM13_G0020152	False
c16riboseqorf6	7	CHM13_G0020184	False
c16riboseqorf7	7	CHM13_G0020184	False
c16riboseqorf10	7	CHM13_G0020352	False
c16riboseqorf12	7	CHM13_G0020406	False
c16riboseqorf16	7	CHM13_G0020441	False
c16riboseqorf17	7	CHM13_G0020442	False
c16riboseqorf19	7	CHM13_T0077792	True
c16riboseqorf20	7	CHM13_T0077792	True
c16riboseqorf21	7	CHM13_G0020507	False
c16riboseqorf22	7	CHM13_T0078289	True
c16riboseqorf23	7	CHM13_G0020554	False
c16riboseqorf27	7	CHM13_G0020611	False
c16riboseqorf31	7	CHM13_T0078835	True
c16riboseqorf32	7	CHM13_G0020811	False
c16riboseqorf33	7	CHM13_G0020824	False
c16riboseqorf34	7	CHM13_G0020841	False
c16riboseqorf36	7	CHM13_G0020879	False
c16riboseqorf37	7	CHM13_T0079523	True
c16riboseqorf41	7	CHM13_G0020983	False
c16riboseqorf42	7	CHM13_G0020996	False
c16riboseqorf43	7	CHM13_G0021000	False
c16riboseqorf45	7	CHM13_G0021044	False
c16riboseqorf54	7	CHM13_G0021222	False
c16riboseqorf55	7	CHM13_G0021226	False
c16riboseqorf56	7	CHM13_G0021226	False
c16riboseqorf57	7	CHM13_G0021227	False
c16riboseqorf64	7	CHM13_G0021263	False
c16riboseqorf66	7	CHM13_G0021550	False
c16riboseqorf67	7	CHM13_G0021555	False
c16riboseqorf69	7	CHM13_G0021648	False
c16riboseqorf70	7	CHM13_T0082223	True
c16riboseqorf72	7	CHM13_G0021721	False
c16riboseqorf80	7	CHM13_G0021810	False
c16riboseqorf82	7	CHM13_T0082721	True
c16riboseqorf84	7	CHM13_G0021833	False
c16riboseqorf85	7	CHM13_G0021842	False
c16riboseqorf87	7	CHM13_G0021843	False
c16riboseqorf88	7	CHM13_G0021863	False
c16riboseqorf89	7	CHM13_G0021869	False
c16riboseqorf91	7	CHM13_G0021962	False
c16riboseqorf92	7	CHM13_G0021962	False
c16riboseqorf93	7	CHM13_G0021962	False
c16riboseqorf94	7	CHM13_T0083595	True
c16riboseqorf95	7	CHM13_G0021977	False
c16riboseqorf96	7	CHM13_G0021977	False
c16riboseqorf99	7	CHM13_G0021994	False
c16riboseqorf102	7	CHM13_T0083867	True
c16riboseqorf108	7	CHM13_G0022141	False
c16riboseqorf109	7	CHM13_G0022141	False
c16riboseqorf110	7	CHM13_G0022141	False
c16riboseqorf111	7	CHM13_G0022141	False
c16riboseqorf112	7	CHM13_G0022151	False
c16riboseqorf113	7	CHM13_G0022153	False
c16riboseqorf114	7	CHM13_G0022193	False
c16riboseqorf118	7	CHM13_G0022218	False
c16riboseqorf119	5	CHM13_G0022296	False
c16riboseqorf120	7	CHM13_G0022321	False
c16riboseqorf121	7	CHM13_G0022366	False
c16riboseqorf122	7	CHM13_G0022389	False
c16riboseqorf125	7	CHM13_G0022422	False
c16riboseqorf126	7	CHM13_G0022430	False
c16riboseqorf129	7	CHM13_G0022473	False
c16riboseqorf131	7	CHM13_G0022496	False
c16riboseqorf132	7	CHM13_G0022501	False
c16riboseqorf139	7	CHM13_G0022630	False
c16riboseqorf140	7	CHM13_G0022640	False
c16riboseqorf146	7	CHM13_G0022662	False
c16riboseqorf147	5	CHM13_G0022662	False
c17riboseqorf11	7	CHM13_G0022774	False
c17riboseqorf12	7	CHM13_G0022779	False
c17riboseqorf17	7	CHM13_G0022874	False
c17riboseqorf18	7	CHM13_G0022883	False
c17riboseqorf19	7	CHM13_G0022887	False
c17riboseqorf27	7	CHM13_G0022948	False
c17riboseqorf28	7	CHM13_G0022992	False
c17riboseqorf31	7	CHM13_G0023054	False
c17riboseqorf32	7	CHM13_G0023101	False
c17riboseqorf33	7	CHM13_G0023186	False
c17riboseqorf34	7	CHM13_G0023197	False
c17riboseqorf37	7	CHM13_G0023208	False
c17riboseqorf38	7	CHM13_G0023266	False
c17riboseqorf44	7	CHM13_T0089862	True
c17riboseqorf45	7	CHM13_G0023330	False
c17riboseqorf46	7	CHM13_G0023346	False
c17riboseqorf47	7	CHM13_G0023365	False
c17riboseqorf48	7	CHM13_G0023420	False
c17riboseqorf49	7	CHM13_G0023444	False
c17riboseqorf50	7	CHM13_G0023444	False
c17riboseqorf51	7	CHM13_G0023487	False
c17riboseqorf62	7	CHM13_G0023730	False
c17riboseqorf64	7	CHM13_G0023959	False
c17riboseqorf66	7	CHM13_T0092199	True
c17riboseqorf68	7	CHM13_T0092381	True
c17riboseqorf71	7	CHM13_G0024060	False
c17riboseqorf73	7	CHM13_G0024159	False
c17riboseqorf74	7	CHM13_G0024190	False
c17riboseqorf78	7	CHM13_G0024211	False
c17riboseqorf87	7	CHM13_G0024334	False
c17riboseqorf91	7	CHM13_G0024364	False
c17riboseqorf92	7	CHM13_G0024381	False
c17riboseqorf98	7	CHM13_G0024457	False
c17riboseqorf99	7	CHM13_G0024485	False
c17riboseqorf103	7	CHM13_G0024582	False
c17riboseqorf106	7	CHM13_T0095036	True
c17riboseqorf109	7	CHM13_G0024647	False
c17riboseqorf117	7	CHM13_G0024786	False
c17riboseqorf121	7	CHM13_G0024837	False
c17riboseqorf125	7	CHM13_G0024899	False
c17riboseqorf126	7	CHM13_G0024899	False
c17riboseqorf127	7	CHM13_T0096340	True
c17riboseqorf129	7	CHM13_G0024954	False
c17riboseqorf130	7	CHM13_G0024974	False
c17riboseqorf131	7	CHM13_G0025070	False
c17riboseqorf132	7	CHM13_G0025079	False
c17riboseqorf135	7	CHM13_G0025114	False
c17riboseqorf137	7	CHM13_G0025211	False
c17riboseqorf144	7	CHM13_T0097898	True
c17riboseqorf145	7	CHM13_G0025334	False
c17riboseqorf146	7	CHM13_G0025334	False
c17riboseqorf150	7	CHM13_T0098361	True
c17riboseqorf152	7	CHM13_G0025396	False
c17riboseqorf162	7	CHM13_G0025443	False
c17riboseqorf163	7	CHM13_G0025458	False
c17riboseqorf168	7	CHM13_G0025465	False
c17riboseqorf170	7	CHM13_T0099328	True
c17riboseqorf172	7	CHM13_G0025542	False
c17riboseqorf173	7	CHM13_G0025569	False
c17riboseqorf179	7	CHM13_G0025656	False
c18riboseqorf2	7	CHM13_T0100716	True
c18riboseqorf16	7	CHM13_G0025891	False
c18riboseqorf17	7	CHM13_G0025905	False
c18riboseqorf18	7	CHM13_G0025913	False
c18riboseqorf20	7	CHM13_G0026105	False
c18riboseqorf21	7	CHM13_T0101807	True
c18riboseqorf26	7	CHM13_G0026151	False
c18riboseqorf27	7	CHM13_G0026151	False
c18riboseqorf30	7	CHM13_G0026210	False
c18riboseqorf31	7	CHM13_G0026216	False
c18riboseqorf32	7	CHM13_G0026228	False
c18riboseqorf34	7	CHM13_G0026291	False
c18riboseqorf35	7	CHM13_G0026318	False
c18riboseqorf36	7	CHM13_G0026318	False
c18riboseqorf40	7	CHM13_G0026393	False
c18riboseqorf41	7	CHM13_G0026445	False
c18riboseqorf42	7	CHM13_G0026490	False
c18riboseqorf44	7	CHM13_T0103360	True
c18riboseqorf45	7	CHM13_T0103360	True
c18riboseqorf46	7	CHM13_T0103358	True
c18riboseqorf48	7	CHM13_G0026588	False
c18riboseqorf53	7	CHM13_G0026706	False
c18riboseqorf54	7	CHM13_G0026723	False
c18riboseqorf57	7	CHM13_G0026741	False
c18riboseqorf58	7	CHM13_T0104355	True
c18riboseqorf59	7	CHM13_T0104355	True
c18riboseqorf60	7	CHM13_T0104462	True
c18riboseqorf61	7	CHM13_G0026825	False
c18riboseqorf62	7	CHM13_G0026841	False
c19riboseqorf2	7	CHM13_G0027011	False
c19riboseqorf4	7	CHM13_G0027043	False
c19riboseqorf6	7	CHM13_T0105667	True
c19riboseqorf7	7	CHM13_G0027096	False
c19riboseqorf9	7	CHM13_T0105689	True
c19riboseqorf12	7	CHM13_G0027200	False
c19riboseqorf13	7	CHM13_G0027256	False
c19riboseqorf21	7	CHM13_T0107674	True
c19riboseqorf22	7	CHM13_G0027534	False
c19riboseqorf25	7	CHM13_G0027574	False
c19riboseqorf26	7	CHM13_T0108034	True
c19riboseqorf28	7	CHM13_G0027587	False
c19riboseqorf29	7	CHM13_G0027612	False
c19riboseqorf31	7	CHM13_G0027713	False
c19riboseqorf33	7	CHM13_G0027718	False
c19riboseqorf40	7	CHM13_G0027909	False
c19riboseqorf41	7	CHM13_G0027916	False
c19riboseqorf44	7	CHM13_T0109905	True
c19riboseqorf45	7	CHM13_G0027973	False
c19riboseqorf48	7	CHM13_G0028122	False
c19riboseqorf50	7	CHM13_G0028142	False
c19riboseqorf66	7	CHM13_G0028317	False
c19riboseqorf68	7	CHM13_G0028369	False
c19riboseqorf70	7	CHM13_T0111474	True
c19riboseqorf71	7	CHM13_T0111475	True
c19riboseqorf72	7	CHM13_T0111476	True
c19riboseqorf73	7	CHM13_G0028425	False
c19riboseqorf76	7	CHM13_G0028507	False
c19riboseqorf78	7	CHM13_G0028532	False
c19riboseqorf80	7	CHM13_T0112241	True
c19riboseqorf81	7	CHM13_T0112246	True
c19riboseqorf82	7	CHM13_T0112246	True
c19riboseqorf83	7	CHM13_T0112241	True
c19riboseqorf91	7	CHM13_T0112284	True
c19riboseqorf99	7	CHM13_G0028570	False
c19riboseqorf100	7	CHM13_G0028570	False
c19riboseqorf104	7	CHM13_G0028583	False
c19riboseqorf106	7	CHM13_T0112619	True
c19riboseqorf107	7	CHM13_T0112619	True
c19riboseqorf108	7	CHM13_G0028653	False
c19riboseqorf110	7	CHM13_G0028687	False
c19riboseqorf113	7	CHM13_G0028742	False
c19riboseqorf115	7	CHM13_G0028762	False
c19riboseqorf116	7	CHM13_G0028851	False
c19riboseqorf118	7	CHM13_T0114207	True
c19riboseqorf120	7	CHM13_T0114225	True
c19riboseqorf121	7	CHM13_G0028920	False
c19riboseqorf122	7	CHM13_T0114322	True
c19riboseqorf123	7	CHM13_T0114356	True
c19riboseqorf124	7	CHM13_G0028951	False
c19riboseqorf125	7	CHM13_G0028990	False
c19riboseqorf130	7	CHM13_T0115090	True
c19riboseqorf133	7	CHM13_G0029165	False
c19riboseqorf135	7	CHM13_G0029180	False
c19riboseqorf136	7	CHM13_G0029180	False
c19riboseqorf137	7	CHM13_G0029190	False
c19riboseqorf138	7	CHM13_G0029233	False
c19riboseqorf141	7	CHM13_G0029278	False
c19riboseqorf142	7	CHM13_G0029278	False
c19riboseqorf143	7	CHM13_G0029279	False
c19riboseqorf148	7	CHM13_T0116646	True
c19riboseqorf149	7	CHM13_T0116686	True
c19riboseqorf151	7	CHM13_G0029439	False
c19riboseqorf153	7	CHM13_T0116759	True
c19riboseqorf155	7	CHM13_T0116853	True
c19riboseqorf162	7	CHM13_G0029745	False
c19riboseqorf163	7	CHM13_G0029773	False
c19riboseqorf167	7	CHM13_G0029832	False
c19riboseqorf168	7	CHM13_G0029834	False
c19riboseqorf169	7	CHM13_G0029838	False
c19riboseqorf170	7	CHM13_G0029841	False
c19riboseqorf174	7	CHM13_G0029870	False
c19riboseqorf187	7	CHM13_G0029944	False
c19riboseqorf188	7	CHM13_G0029944	False
c20riboseqorf2	7	CHM13_G0034166	False
c20riboseqorf3	7	CHM13_G0034169	False
c20riboseqorf5	7	CHM13_G0034246	False
c20riboseqorf6	7	CHM13_G0034248	False
c20riboseqorf9	7	CHM13_T0135900	True
c20riboseqorf10	7	CHM13_G0034257	False
c20riboseqorf11	7	CHM13_G0034281	False
c20riboseqorf12	7	CHM13_T0136050	True
c20riboseqorf13	7	CHM13_T0136064	True
c20riboseqorf14	7	CHM13_G0034311	False
c20riboseqorf15	7	CHM13_G0034342	False
c20riboseqorf16	7	CHM13_G0034352	False
c20riboseqorf17	7	CHM13_G0034352	False
c20riboseqorf19	7	CHM13_T0136359	True
c20riboseqorf20	7	CHM13_G0034395	False
c20riboseqorf21	7	CHM13_T0136480	True
c20riboseqorf24	7	CHM13_G0034666	False
c20riboseqorf25	7	CHM13_G0034752	False
c20riboseqorf28	7	CHM13_G0034791	False
c20riboseqorf29	7	CHM13_G0034821	False
c20riboseqorf30	7	CHM13_T0137807	True
c20riboseqorf31	7	CHM13_T0137829	True
c20riboseqorf40	7	CHM13_G0035071	False
c20riboseqorf44	7	CHM13_G0035155	False
c20riboseqorf46	7	CHM13_G0035160	False
c20riboseqorf49	7	CHM13_G0035176	False
c20riboseqorf50	7	CHM13_T0139336	True
c20riboseqorf53	7	CHM13_T0139591	True
c20riboseqorf54	7	CHM13_G0035267	False
c20riboseqorf55	7	CHM13_G0035408	False
c20riboseqorf57	7	CHM13_T0140458	True
c20riboseqorf59	7	CHM13_G0035522	False
c20riboseqorf62	7	CHM13_T0140793	True
c21riboseqorf5	7	CHM13_G0035848	False
c21riboseqorf6	7	CHM13_G0035848	False
c21riboseqorf7	7	CHM13_G0035862	False
c21riboseqorf9	7	CHM13_G0035899	False
c21riboseqorf10	7	CHM13_G0035968	False
c21riboseqorf12	7	CHM13_G0036027	False
c21riboseqorf13	7	CHM13_G0036051	False
c21riboseqorf14	7	CHM13_G0036055	False
c21riboseqorf17	7	CHM13_G0036205	False
c21riboseqorf19	7	CHM13_T0143114	True
c22riboseqorf1	7	CHM13_G0036557	False
c22riboseqorf3	7	CHM13_G0036557	False
c22riboseqorf4	7	CHM13_G0036615	False
c22riboseqorf6	7	CHM13_T0144385	True
c22riboseqorf8	7	CHM13_G0036658	False
c22riboseqorf9	7	CHM13_G0036668	False
c22riboseqorf13	7	CHM13_G0036766	False
c22riboseqorf14	7	CHM13_T0144997	True
c22riboseqorf15	7	CHM13_G0036964	False
c22riboseqorf17	7	CHM13_T0145243	True
c22riboseqorf19	7	CHM13_G0037039	False
c22riboseqorf20	7	CHM13_T0145478	True
c22riboseqorf21	7	CHM13_T0145472	True
c22riboseqorf22	7	CHM13_T0145475	True
c22riboseqorf28	7	CHM13_G0037112	False
c22riboseqorf30	7	CHM13_G0037131	False
c22riboseqorf34	7	CHM13_G0037208	False
c22riboseqorf36	7	CHM13_G0037277	False
c22riboseqorf37	7	CHM13_G0037315	False
c22riboseqorf38	7	CHM13_G0037359	False
c22riboseqorf40	7	CHM13_G0037443	False
c22riboseqorf41	7	CHM13_G0037443	False
c22riboseqorf42	7	CHM13_G0037485	False
c22riboseqorf44	7	CHM13_T0147531	True
c22riboseqorf45	7	CHM13_G0037535	False
c22riboseqorf46	7	CHM13_G0037537	False
c22riboseqorf47	7	CHM13_G0037544	False
c22riboseqorf49	7	CHM13_G0037572	False
c22riboseqorf51	7	CHM13_G0037603	False
c22riboseqorf52	7	CHM13_G0037653	False
c22riboseqorf53	7	CHM13_G0037660	False
c22riboseqorf59	7	CHM13_T0148489	True
c22riboseqorf61	7	CHM13_G0037756	False
c22riboseqorf64	7	CHM13_G0037783	False
cXriboseqorf1	7	CHM13_G0057590	False
cXriboseqorf2	7	CHM13_G0057605	False
cXriboseqorf4	7	CHM13_G0057656	False
cXriboseqorf9	7	CHM13_T0222990	True
cXriboseqorf13	7	CHM13_G0057794	False
cXriboseqorf14	7	CHM13_G0057813	False
cXriboseqorf16	7	CHM13_G0057839	False
cXriboseqorf17	7	CHM13_G0057988	False
cXriboseqorf18	7	CHM13_T0223792	True
cXriboseqorf19	7	CHM13_T0223792	True
cXriboseqorf20	7	CHM13_G0058003	False
cXriboseqorf21	7	CHM13_T0223900	True
cXriboseqorf24	7	CHM13_G0058137	False
cXriboseqorf25	7	CHM13_T0224256	True
cXriboseqorf27	7	CHM13_G0058214	False
cXriboseqorf28	7	CHM13_G0058409	False
cXriboseqorf29	7	CHM13_G0058410	False
cXriboseqorf32	7	CHM13_G0058446	False
cXriboseqorf35	7	CHM13_G0058480	False
cXriboseqorf36	7	CHM13_G0058544	False
cXriboseqorf37	7	CHM13_G0058561	False
cXriboseqorf38	7	CHM13_G0058591	False
cXriboseqorf47	7	CHM13_G0058747	False
cXriboseqorf49	7	CHM13_G0058949	False
cXriboseqorf51	7	CHM13_G0059003	False
cXriboseqorf61	7	CHM13_T0227859	True
cXriboseqorf65	7	CHM13_G0059509	False
cXriboseqorf66	7	CHM13_G0059531	False
cXriboseqorf67	7	CHM13_G0059531	False
cXriboseqorf69	7	CHM13_G0059739	False
cXriboseqorf71	7	CHM13_T0228702	True
cXriboseqorf73	7	CHM13_G0059889	False
cXriboseqorf74	7	CHM13_G0059892	False
cXriboseqorf77	7	CHM13_T0229423	True
cYriboseqorf1	6	ENST00000651177.1	True
c1riboseqorf8	6	CHM13_T0000484	True
c1riboseqorf14	7	CHM13_T0000981	True
c1riboseqorf15	7	CHM13_T0001040	True
c1riboseqorf16	7	CHM13_T0001249	True
c1riboseqorf18	7	CHM13_T0001383	True
c1riboseqorf22	7	CHM13_T0001922	True
c1riboseqorf26	7	CHM13_T0002045	True
c1riboseqorf35	7	CHM13_T0002567	True
c1riboseqorf37	7	CHM13_T0002777	True
c1riboseqorf40	7	CHM13_T0002968	True
c1riboseqorf45	7	CHM13_T0003198	True
c1riboseqorf47	7	CHM13_T0003371	True
c1riboseqorf48	7	CHM13_T0003477	True
c1riboseqorf50	7	CHM13_T0003570	True
c1riboseqorf55	7	CHM13_T0004004	True
c1riboseqorf63	7	CHM13_T0004404	True
c1riboseqorf67	7	CHM13_T0004508	True
c1riboseqorf71	7	CHM13_T0004572	True
c1riboseqorf74	7	CHM13_T0004626	True
c1riboseqorf75	7	CHM13_T0004667	True
c1riboseqorf76	7	CHM13_T0004708	True
c1riboseqorf82	7	CHM13_T0005316	True
c1riboseqorf83	7	CHM13_T0005392	True
c1riboseqorf84	7	CHM13_T0005479	True
c1riboseqorf85	7	CHM13_T0005519	True
c1riboseqorf99	7	CHM13_T0006557	True
c1riboseqorf100	7	CHM13_T0006557	True
c1riboseqorf103	7	CHM13_T0006859	True
c1riboseqorf106	7	CHM13_T0007373	True
c1riboseqorf109	7	CHM13_T0007533	True
c1riboseqorf110	7	CHM13_T0007683	True
c1riboseqorf118	7	CHM13_T0008588	True
c1riboseqorf122	7	CHM13_T0009008	True
c1riboseqorf130	7	CHM13_T0009504	True
c1riboseqorf131	7	CHM13_T0009503	True
c1riboseqorf137	7	CHM13_T0009776	True
c1riboseqorf159	7	CHM13_T0011001	True
c1riboseqorf161	7	CHM13_T0011164	True
c1riboseqorf164	7	CHM13_T0011591	True
c1riboseqorf185	7	CHM13_T0012763	True
c1riboseqorf188	7	CHM13_T0013010	True
c1riboseqorf196	7	CHM13_T0013397	True
c1riboseqorf210	7	CHM13_T0014156	True
c1riboseqorf211	7	CHM13_T0014206	True
c1riboseqorf212	7	CHM13_T0014198	True
c1riboseqorf235	7	CHM13_T0015254	True
c1riboseqorf248	7	CHM13_T0015900	True
c1riboseqorf253	7	CHM13_T0016828	True
c1riboseqorf261	7	CHM13_T0017108	True
c1riboseqorf262	7	CHM13_T0017200	True
c1riboseqorf267	7	CHM13_T0017659	True
c1riboseqorf290	7	CHM13_T0019395	True
c1riboseqorf296	7	CHM13_T0020001	True
c1riboseqorf297	7	CHM13_T0020017	True
c2riboseqorf6	7	CHM13_T0119363	True
c2riboseqorf9	7	CHM13_T0120132	True
c2riboseqorf34	7	CHM13_T0122369	True
c2riboseqorf42	7	CHM13_T0122710	True
c2riboseqorf46	7	CHM13_T0123081	True
c2riboseqorf53	7	CHM13_T0123999	True
c2riboseqorf59	7	CHM13_T0124611	True
c2riboseqorf60	7	CHM13_T0124612	True
c2riboseqorf61	7	CHM13_T0124701	True
c2riboseqorf64	7	CHM13_T0125054	True
c2riboseqorf72	7	CHM13_T0126607	True
c2riboseqorf88	7	CHM13_T0127606	True
c2riboseqorf98	7	CHM13_T0128226	True
c2riboseqorf99	7	CHM13_T0128364	True
c2riboseqorf102	7	CHM13_T0128737	True
c2riboseqorf104	7	CHM13_T0128852	True
c2riboseqorf112	7	CHM13_T0129539	True
c2riboseqorf117	7	CHM13_T0129777	True
c2riboseqorf123	7	CHM13_T0130261	True
c2riboseqorf125	7	CHM13_T0130510	True
c2riboseqorf126	7	CHM13_T0130504	True
c2riboseqorf138	7	CHM13_T0130792	True
c2riboseqorf139	7	CHM13_T0130892	True
c2riboseqorf140	7	CHM13_T0131022	True
c2riboseqorf147	7	CHM13_T0131763	True
c2riboseqorf153	7	CHM13_T0131992	True
c2riboseqorf154	7	CHM13_T0132047	True
c2riboseqorf158	7	CHM13_T0132178	True
c2riboseqorf169	7	CHM13_T0133170	True
c2riboseqorf170	7	CHM13_T0133169	True
c2riboseqorf171	7	CHM13_T0133174	True
c2riboseqorf173	7	CHM13_T0133182	True
c2riboseqorf177	7	CHM13_T0133430	True
c2riboseqorf180	7	CHM13_T0133577	True
c2riboseqorf183	7	CHM13_T0133813	True
c2riboseqorf187	7	CHM13_T0134599	True
c2riboseqorf188	7	CHM13_T0134609	True
c2riboseqorf191	7	CHM13_T0135036	True
c3riboseqorf13	7	CHM13_T0149538	True
c3riboseqorf21	7	CHM13_T0150016	True
c3riboseqorf27	7	CHM13_T0150172	True
c3riboseqorf28	7	CHM13_T0150221	True
c3riboseqorf33	7	CHM13_T0150824	True
c3riboseqorf37	7	CHM13_T0151160	True
c3riboseqorf42	7	CHM13_T0151382	True
c3riboseqorf46	7	CHM13_T0151595	True
c3riboseqorf48	7	CHM13_T0151892	True
c3riboseqorf49	7	CHM13_T0151898	True
c3riboseqorf50	7	CHM13_T0151897	True
c3riboseqorf54	7	CHM13_T0152016	True
c3riboseqorf55	7	CHM13_T0152046	True
c3riboseqorf57	7	CHM13_T0152149	True
c3riboseqorf58	7	CHM13_T0152199	True
c3riboseqorf59	7	CHM13_T0152313	True
c3riboseqorf64	7	CHM13_T0152882	True
c3riboseqorf68	7	CHM13_T0153337	True
c3riboseqorf70	7	CHM13_T0153401	True
c3riboseqorf72	7	CHM13_T0153546	True
c3riboseqorf75	7	CHM13_T0153711	True
c3riboseqorf80	7	CHM13_T0153895	True
c3riboseqorf81	7	CHM13_T0154029	True
c3riboseqorf82	7	CHM13_T0154176	True
c3riboseqorf85	7	CHM13_T0154364	True
c3riboseqorf90	7	CHM13_T0154666	True
c3riboseqorf98	7	CHM13_T0155251	True
c3riboseqorf99	7	CHM13_T0155255	True
c3riboseqorf101	7	CHM13_T0155330	True
c3riboseqorf111	7	CHM13_T0155989	True
c3riboseqorf113	7	CHM13_T0156417	True
c3riboseqorf125	7	CHM13_T0157348	True
c3riboseqorf127	7	CHM13_T0157647	True
c3riboseqorf136	7	CHM13_T0158300	True
c3riboseqorf137	7	CHM13_T0158308	True
c3riboseqorf145	7	CHM13_T0158700	True
c3riboseqorf146	7	CHM13_T0158711	True
c3riboseqorf147	7	CHM13_T0158741	True
c3riboseqorf152	7	CHM13_T0159326	True
c3riboseqorf166	7	CHM13_T0160533	True
c3riboseqorf168	7	CHM13_T0160765	True
c3riboseqorf170	7	CHM13_T0160954	True
c3riboseqorf174	7	CHM13_T0161306	True
c3riboseqorf176	7	CHM13_T0161354	True
c3riboseqorf178	7	CHM13_T0161532	True
c3riboseqorf179	7	CHM13_T0161560	True
c3riboseqorf180	7	CHM13_T0161786	True
c3riboseqorf183	7	CHM13_T0162047	True
c3riboseqorf185	7	CHM13_T0162254	True
c4riboseqorf11	7	CHM13_T0164047	True
c4riboseqorf28	7	CHM13_T0165526	True
c4riboseqorf52	7	CHM13_T0167134	True
c4riboseqorf67	7	CHM13_T0168020	True
c4riboseqorf78	7	CHM13_T0168934	True
c4riboseqorf93	7	CHM13_T0169825	True
c4riboseqorf97	7	CHM13_T0170156	True
c4riboseqorf98	7	CHM13_T0170175	True
c4riboseqorf101	7	CHM13_T0170311	True
c4riboseqorf102	7	CHM13_T0170317	True
c4riboseqorf108	7	CHM13_T0171181	True
c4riboseqorf112	7	CHM13_T0171270	True
c4riboseqorf114	7	CHM13_T0171481	True
c4riboseqorf119	7	CHM13_T0171641	True
c4riboseqorf133	7	CHM13_T0172471	True
c5riboseqorf31	7	CHM13_T0175367	True
c5riboseqorf33	7	CHM13_T0175543	True
c5riboseqorf34	7	CHM13_T0175620	True
c5riboseqorf41	7	CHM13_T0176130	True
c5riboseqorf42	7	CHM13_T0176214	True
c5riboseqorf44	7	CHM13_T0176405	True
c5riboseqorf49	7	CHM13_T0176537	True
c5riboseqorf67	7	CHM13_T0177742	True
c5riboseqorf73	7	CHM13_T0178199	True
c5riboseqorf82	7	CHM13_T0178804	True
c5riboseqorf102	7	CHM13_T0180654	True
c5riboseqorf103	7	CHM13_T0180719	True
c5riboseqorf107	7	CHM13_T0181093	True
c5riboseqorf110	7	CHM13_T0181244	True
c5riboseqorf111	7	CHM13_T0181338	True
c5riboseqorf117	7	CHM13_T0182189	True
c5riboseqorf133	7	CHM13_T0183273	True
c5riboseqorf137	7	CHM13_T0183442	True
c5riboseqorf140	7	CHM13_T0183437	True
c6riboseqorf3	7	CHM13_T0184116	True
c6riboseqorf12	7	CHM13_T0184612	True
c6riboseqorf14	7	CHM13_T0184681	True
c6riboseqorf15	7	CHM13_T0184830	True
c6riboseqorf17	7	CHM13_T0185002	True
c6riboseqorf24	7	CHM13_T0185312	True
c6riboseqorf27	7	CHM13_T0185388	True
c6riboseqorf38	7	CHM13_T0186156	True
c6riboseqorf53	7	CHM13_T0187085	True
c6riboseqorf54	7	CHM13_T0187086	True
c6riboseqorf59	7	CHM13_T0187381	True
c6riboseqorf65	7	CHM13_T0187801	True
c6riboseqorf68	7	CHM13_T0187975	True
c6riboseqorf69	7	CHM13_T0187975	True
c6riboseqorf71	7	CHM13_T0188329	True
c6riboseqorf84	7	CHM13_T0189226	True
c6riboseqorf85	7	CHM13_T0189221	True
c6riboseqorf93	7	CHM13_T0190201	True
c6riboseqorf95	7	CHM13_T0190226	True
c6riboseqorf99	7	CHM13_T0190361	True
c6riboseqorf102	7	CHM13_T0190459	True
c6riboseqorf112	7	CHM13_T0191078	True
c6riboseqorf116	7	CHM13_T0191408	True
c6riboseqorf119	7	CHM13_T0191541	True
c6riboseqorf120	7	CHM13_T0191542	True
c6riboseqorf127	7	CHM13_T0192238	True
c6riboseqorf135	7	CHM13_T0193224	True
c6riboseqorf140	7	CHM13_T0193725	True
c7riboseqorf4	7	CHM13_T0194436	True
c7riboseqorf14	7	CHM13_T0194954	True
c7riboseqorf15	7	CHM13_T0195091	True
c7riboseqorf17	7	CHM13_T0195243	True
c7riboseqorf21	7	CHM13_T0195539	True
c7riboseqorf42	7	CHM13_T0196940	True
c7riboseqorf43	7	CHM13_T0197023	True
c7riboseqorf44	7	CHM13_T0197029	True
c7riboseqorf45	7	CHM13_T0197033	True
c7riboseqorf46	7	CHM13_T0197156	True
c7riboseqorf49	7	CHM13_T0197368	True
c7riboseqorf50	7	CHM13_T0197377	True
c7riboseqorf51	7	CHM13_T0197367	True
c7riboseqorf52	7	CHM13_T0197589	True
c7riboseqorf56	7	CHM13_T0198308	True
c7riboseqorf59	7	CHM13_T0198523	True
c7riboseqorf64	7	CHM13_T0199205	True
c7riboseqorf74	7	CHM13_T0199642	True
c7riboseqorf78	7	CHM13_T0199820	True
c7riboseqorf80	7	CHM13_T0199851	True
c7riboseqorf92	7	CHM13_T0200531	True
c7riboseqorf94	7	CHM13_T0200766	True
c7riboseqorf106	7	CHM13_T0201469	True
c7riboseqorf109	7	CHM13_T0201648	True
c7riboseqorf111	7	CHM13_T0201786	True
c7riboseqorf112	7	CHM13_T0201785	True
c7riboseqorf113	7	CHM13_T0201787	True
c7riboseqorf116	7	CHM13_T0202319	True
c7riboseqorf118	7	CHM13_T0202329	True
c7riboseqorf120	7	CHM13_T0202522	True
c7riboseqorf121	7	CHM13_T0202689	True
c7riboseqorf128	7	CHM13_T0203218	True
c7riboseqorf129	7	CHM13_T0203217	True
c7riboseqorf133	7	CHM13_T0203364	True
c7riboseqorf134	7	CHM13_T0203370	True
c7riboseqorf135	7	CHM13_T0203517	True
c7riboseqorf142	7	CHM13_T0204486	True
c7riboseqorf147	7	CHM13_T0204673	True
c7riboseqorf153	7	CHM13_T0204759	True
c7riboseqorf156	7	CHM13_T0204798	True
c7riboseqorf166	7	CHM13_T0205135	True
c8riboseqorf2	7	CHM13_T0205268	True
c8riboseqorf8	7	CHM13_T0205914	True
c8riboseqorf9	7	CHM13_T0205893	True
c8riboseqorf11	7	CHM13_T0205666	True
c8riboseqorf12	7	CHM13_T0205635	True
c8riboseqorf15	7	CHM13_T0206176	True
c8riboseqorf19	7	CHM13_T0206390	True
c8riboseqorf26	7	CHM13_T0206831	True
c8riboseqorf29	7	CHM13_T0206908	True
c8riboseqorf36	7	CHM13_T0207516	True
c8riboseqorf39	7	CHM13_T0207817	True
c8riboseqorf44	7	CHM13_T0208187	True
c8riboseqorf46	7	CHM13_T0208371	True
c8riboseqorf54	7	CHM13_T0209593	True
c8riboseqorf59	7	CHM13_T0209743	True
c8riboseqorf63	7	CHM13_T0209992	True
c8riboseqorf67	7	CHM13_T0210148	True
c8riboseqorf80	7	CHM13_T0211239	True
c8riboseqorf85	7	CHM13_T0211666	True
c8riboseqorf86	7	CHM13_T0211669	True
c8riboseqorf110	7	CHM13_T0213457	True
c8riboseqorf111	7	CHM13_T0213455	True
c8riboseqorf128	7	CHM13_T0214614	True
c9riboseqorf9	7	CHM13_T0215303	True
c9riboseqorf17	7	CHM13_T0216038	True
c9riboseqorf20	7	CHM13_T0216243	True
c9riboseqorf34	7	CHM13_T0216610	True
c9riboseqorf37	7	CHM13_T0216616	True
c9riboseqorf48	7	CHM13_T0217957	True
c9riboseqorf51	7	CHM13_T0218014	True
c9riboseqorf52	7	CHM13_T0218150	True
c9riboseqorf58	7	CHM13_T0218579	True
c9riboseqorf60	7	CHM13_T0218660	True
c9riboseqorf62	7	CHM13_T0218990	True
c9riboseqorf66	7	CHM13_T0219533	True
c9riboseqorf69	7	CHM13_T0219609	True
c9riboseqorf74	7	CHM13_T0219886	True
c9riboseqorf79	7	CHM13_T0220098	True
c9riboseqorf88	7	CHM13_T0220935	True
c9riboseqorf100	7	CHM13_T0221410	True
c9riboseqorf104	7	CHM13_T0221633	True
c9riboseqorf107	7	CHM13_T0221819	True
c9riboseqorf108	7	CHM13_T0221827	True
c9riboseqorf118	7	CHM13_T0222272	True
c10riboseqorf4	7	CHM13_T0020630	True
c10riboseqorf26	7	CHM13_T0022153	True
c10riboseqorf29	7	CHM13_T0022487	True
c10riboseqorf31	7	CHM13_T0022585	True
c10riboseqorf32	7	CHM13_T0022668	True
c10riboseqorf41	7	CHM13_T0023379	True
c10riboseqorf51	7	CHM13_T0023682	True
c10riboseqorf54	7	CHM13_T0023974	True
c10riboseqorf55	7	CHM13_T0024046	True
c10riboseqorf59	7	CHM13_T0024318	True
c10riboseqorf62	7	CHM13_T0024407	True
c10riboseqorf69	7	CHM13_T0025072	True
c10riboseqorf71	7	CHM13_T0025114	True
c10riboseqorf78	7	CHM13_T0025417	True
c10riboseqorf82	7	CHM13_T0025742	True
c10riboseqorf83	7	CHM13_T0025746	True
c10riboseqorf86	7	CHM13_T0025932	True
c10riboseqorf87	7	CHM13_T0025980	True
c10riboseqorf108	7	CHM13_T0026881	True
c10riboseqorf111	7	CHM13_T0026945	True
c10riboseqorf122	7	CHM13_T0027293	True
c10riboseqorf125	7	CHM13_T0027632	True
c10riboseqorf131	7	CHM13_T0027747	True
c11riboseqorf3	7	CHM13_T0028458	True
c11riboseqorf6	7	CHM13_T0028739	True
c11riboseqorf11	7	CHM13_T0030062	True
c11riboseqorf26	7	CHM13_T0030974	True
c11riboseqorf28	7	CHM13_T0031134	True
c11riboseqorf29	7	CHM13_T0031133	True
c11riboseqorf37	7	CHM13_T0031434	True
c11riboseqorf38	7	CHM13_T0031766	True
c11riboseqorf39	7	CHM13_T0031780	True
c11riboseqorf45	7	CHM13_T0032504	True
c11riboseqorf46	7	CHM13_T0032533	True
c11riboseqorf48	7	CHM13_T0032610	True
c11riboseqorf49	7	CHM13_T0032636	True
c11riboseqorf50	7	CHM13_T0032639	True
c11riboseqorf51	7	CHM13_T0032644	True
c11riboseqorf52	7	CHM13_T0032632	True
c11riboseqorf53	7	CHM13_T0032637	True
c11riboseqorf67	7	CHM13_T0034038	True
c11riboseqorf69	7	CHM13_T0034412	True
c11riboseqorf99	7	CHM13_T0036386	True
c11riboseqorf105	7	CHM13_T0036911	True
c11riboseqorf106	7	CHM13_T0037240	True
c11riboseqorf112	7	CHM13_T0037587	True
c11riboseqorf115	7	CHM13_T0037948	True
c11riboseqorf123	7	CHM13_T0038115	True
c11riboseqorf133	7	CHM13_T0039260	True
c11riboseqorf134	7	CHM13_T0039460	True
c11riboseqorf143	7	CHM13_T0040007	True
c11riboseqorf151	7	CHM13_T0040920	True
c11riboseqorf155	7	CHM13_T0041234	True
c11riboseqorf157	7	CHM13_T0041270	True
c12riboseqorf15	7	CHM13_T0043080	True
c12riboseqorf21	7	CHM13_T0043859	True
c12riboseqorf24	7	CHM13_T0043882	True
c12riboseqorf25	7	CHM13_T0044452	True
c12riboseqorf27	7	CHM13_T0044492	True
c12riboseqorf42	7	CHM13_T0045654	True
c12riboseqorf43	7	CHM13_T0045660	True
c12riboseqorf44	7	CHM13_T0045659	True
c12riboseqorf48	7	CHM13_T0046201	True
c12riboseqorf51	7	CHM13_T0046276	True
c12riboseqorf52	7	CHM13_T0046303	True
c12riboseqorf53	7	CHM13_T0046377	True
c12riboseqorf54	7	CHM13_T0046536	True
c12riboseqorf59	7	CHM13_T0047135	True
c12riboseqorf62	7	CHM13_T0047210	True
c12riboseqorf76	7	CHM13_T0048121	True
c12riboseqorf77	7	CHM13_T0048378	True
c12riboseqorf78	7	CHM13_T0048407	True
c12riboseqorf79	7	CHM13_T0048680	True
c12riboseqorf93	7	CHM13_T0049528	True
c12riboseqorf97	7	CHM13_T0049716	True
c12riboseqorf111	7	CHM13_T0050613	True
c12riboseqorf121	7	CHM13_T0051694	True
c12riboseqorf124	7	CHM13_T0051914	True
c12riboseqorf128	7	CHM13_T0052219	True
c12riboseqorf135	7	CHM13_T0052330	True
c12riboseqorf139	7	CHM13_T0052504	True
c12riboseqorf144	7	CHM13_T0052704	True
c12riboseqorf145	7	CHM13_T0052801	True
c12riboseqorf157	7	CHM13_T0053529	True
c12riboseqorf159	7	CHM13_T0053614	True
c13riboseqorf1	7	CHM13_T0054834	True
c13riboseqorf9	7	CHM13_T0055281	True
c13riboseqorf14	7	CHM13_T0055370	True
c13riboseqorf25	7	CHM13_T0056068	True
c13riboseqorf26	7	CHM13_T0056112	True
c13riboseqorf32	7	CHM13_T0056566	True
c13riboseqorf33	7	CHM13_T0056566	True
c13riboseqorf37	7	CHM13_T0056863	True
c13riboseqorf41	7	CHM13_T0057895	True
c14riboseqorf17	7	CHM13_T0060421	True
c14riboseqorf24	7	CHM13_T0061177	True
c14riboseqorf29	7	CHM13_T0061540	True
c14riboseqorf37	7	CHM13_T0062312	True
c14riboseqorf38	7	CHM13_T0062309	True
c14riboseqorf40	7	CHM13_T0062396	True
c14riboseqorf41	7	CHM13_T0062395	True
c14riboseqorf42	7	CHM13_T0062396	True
c14riboseqorf56	7	CHM13_T0062804	True
c14riboseqorf66	7	CHM13_T0063055	True
c14riboseqorf70	7	CHM13_T0063484	True
c14riboseqorf72	7	CHM13_T0063634	True
c14riboseqorf73	7	CHM13_T0063680	True
c14riboseqorf77	7	CHM13_T0063780	True
c14riboseqorf80	7	CHM13_T0063883	True
c14riboseqorf81	7	CHM13_T0063930	True
c14riboseqorf84	7	CHM13_T0064142	True
c14riboseqorf89	7	CHM13_T0064373	True
c14riboseqorf90	7	CHM13_T0064375	True
c14riboseqorf93	7	CHM13_T0064735	True
c14riboseqorf95	7	CHM13_T0064820	True
c14riboseqorf97	7	CHM13_T0065002	True
c14riboseqorf98	7	CHM13_T0065070	True
c14riboseqorf117	7	CHM13_T0066739	True
c14riboseqorf121	7	CHM13_T0066878	True
c15riboseqorf2	7	CHM13_T0067698	True
c15riboseqorf5	7	CHM13_T0068456	True
c15riboseqorf8	7	CHM13_T0068724	True
c15riboseqorf10	7	CHM13_T0068837	True
c15riboseqorf19	7	CHM13_T0069506	True
c15riboseqorf29	7	CHM13_T0070285	True
c15riboseqorf32	7	CHM13_T0070544	True
c15riboseqorf36	7	CHM13_T0070640	True
c15riboseqorf37	7	CHM13_T0070643	True
c15riboseqorf38	7	CHM13_T0070698	True
c15riboseqorf39	7	CHM13_T0070808	True
c15riboseqorf64	7	CHM13_T0072949	True
c15riboseqorf68	7	CHM13_T0073003	True
c15riboseqorf69	7	CHM13_T0073004	True
c15riboseqorf70	7	CHM13_T0073032	True
c15riboseqorf71	7	CHM13_T0073183	True
c15riboseqorf76	7	CHM13_T0073512	True
c15riboseqorf101	7	CHM13_T0075814	True
c16riboseqorf1	7	CHM13_T0076008	True
c16riboseqorf2	7	CHM13_T0076093	True
c16riboseqorf8	7	CHM13_T0077067	True
c16riboseqorf15	7	CHM13_T0077647	True
c16riboseqorf18	7	CHM13_T0077726	True
c16riboseqorf29	7	CHM13_T0078565	True
c16riboseqorf30	7	CHM13_T0078631	True
c16riboseqorf35	7	CHM13_T0079502	True
c16riboseqorf38	7	CHM13_T0079740	True
c16riboseqorf46	7	CHM13_T0080304	True
c16riboseqorf48	7	CHM13_T0080639	True
c16riboseqorf52	7	CHM13_T0080889	True
c16riboseqorf58	7	CHM13_T0081026	True
c16riboseqorf63	7	CHM13_T0081112	True
c16riboseqorf68	7	CHM13_T0082003	True
c16riboseqorf81	7	CHM13_T0082725	True
c16riboseqorf83	7	CHM13_T0082918	True
c16riboseqorf90	7	CHM13_T0083254	True
c16riboseqorf98	7	CHM13_T0083659	True
c16riboseqorf101	7	CHM13_T0083779	True
c16riboseqorf103	7	CHM13_T0083872	True
c16riboseqorf104	7	CHM13_T0083963	True
c16riboseqorf105	7	CHM13_T0084106	True
c16riboseqorf106	7	CHM13_T0084100	True
c16riboseqorf115	7	CHM13_T0084736	True
c16riboseqorf116	7	CHM13_T0084772	True
c16riboseqorf117	7	CHM13_T0084886	True
c16riboseqorf123	7	CHM13_T0085553	True
c16riboseqorf137	7	CHM13_T0086478	True
c16riboseqorf138	7	CHM13_T0086466	True
c16riboseqorf144	7	CHM13_T0086824	True
c16riboseqorf145	7	CHM13_T0086846	True
c16riboseqorf148	7	CHM13_T0086874	True
c17riboseqorf10	7	CHM13_T0087349	True
c17riboseqorf13	7	CHM13_T0087448	True
c17riboseqorf14	7	CHM13_T0087594	True
c17riboseqorf15	7	CHM13_T0087598	True
c17riboseqorf20	7	CHM13_T0087954	True
c17riboseqorf24	7	CHM13_T0088071	True
c17riboseqorf25	7	CHM13_T0088071	True
c17riboseqorf29	7	CHM13_T0088449	True
c17riboseqorf30	7	CHM13_T0088590	True
c17riboseqorf59	7	CHM13_T0091279	True
c17riboseqorf61	7	CHM13_T0091319	True
c17riboseqorf63	7	CHM13_T0091401	True
c17riboseqorf69	7	CHM13_T0092398	True
c17riboseqorf76	7	CHM13_T0093039	True
c17riboseqorf94	7	CHM13_T0094092	True
c17riboseqorf100	7	CHM13_T0094296	True
c17riboseqorf105	7	CHM13_T0095036	True
c17riboseqorf107	7	CHM13_T0095064	True
c17riboseqorf111	7	CHM13_T0095308	True
c17riboseqorf112	7	CHM13_T0095346	True
c17riboseqorf113	7	CHM13_T0095347	True
c17riboseqorf114	7	CHM13_T0095363	True
c17riboseqorf115	7	CHM13_T0095349	True
c17riboseqorf119	7	CHM13_T0095944	True
c17riboseqorf120	7	CHM13_T0095956	True
c17riboseqorf136	7	CHM13_T0097341	True
c17riboseqorf143	7	CHM13_T0097843	True
c17riboseqorf147	7	CHM13_T0098172	True
c17riboseqorf148	7	CHM13_T0098307	True
c17riboseqorf149	7	CHM13_T0098324	True
c17riboseqorf165	7	CHM13_T0098947	True
c17riboseqorf167	7	CHM13_T0098954	True
c17riboseqorf169	7	CHM13_T0099335	True
c17riboseqorf175	7	CHM13_T0099735	True
c18riboseqorf15	7	CHM13_T0100965	True
c18riboseqorf19	7	CHM13_T0101258	True
c18riboseqorf22	7	CHM13_T0101807	True
c18riboseqorf28	7	CHM13_T0101885	True
c18riboseqorf29	7	CHM13_T0102113	True
c18riboseqorf37	7	CHM13_T0102515	True
c18riboseqorf43	7	CHM13_T0103239	True
c18riboseqorf47	7	CHM13_T0103526	True
c18riboseqorf52	7	CHM13_T0104109	True
c18riboseqorf56	7	CHM13_T0104278	True
c19riboseqorf3	7	CHM13_T0105296	True
c19riboseqorf11	7	CHM13_T0106087	True
c19riboseqorf16	7	CHM13_T0107314	True
c19riboseqorf17	7	CHM13_T0107381	True
c19riboseqorf18	7	CHM13_T0107413	True
c19riboseqorf32	7	CHM13_T0108608	True
c19riboseqorf35	7	CHM13_T0109050	True
c19riboseqorf36	7	CHM13_T0109074	True
c19riboseqorf37	7	CHM13_T0109409	True
c19riboseqorf46	7	CHM13_T0110043	True
c19riboseqorf47	7	CHM13_T0110348	True
c19riboseqorf49	7	CHM13_T0110552	True
c19riboseqorf53	7	CHM13_T0110784	True
c19riboseqorf67	7	CHM13_T0111369	True
c19riboseqorf79	7	CHM13_T0112235	True
c19riboseqorf92	7	CHM13_T0112284	True
c19riboseqorf96	7	CHM13_T0112360	True
c19riboseqorf97	7	CHM13_T0112374	True
c19riboseqorf98	7	CHM13_T0112384	True
c19riboseqorf101	7	CHM13_T0112409	True
c19riboseqorf102	7	CHM13_T0112424	True
c19riboseqorf103	7	CHM13_T0112436	True
c19riboseqorf111	7	CHM13_T0113147	True
c19riboseqorf112	7	CHM13_T0113287	True
c19riboseqorf114	7	CHM13_T0113503	True
c19riboseqorf126	7	CHM13_T0114629	True
c19riboseqorf127	7	CHM13_T0114723	True
c19riboseqorf128	7	CHM13_T0114991	True
c19riboseqorf131	7	CHM13_T0115257	True
c19riboseqorf132	7	CHM13_T0115423	True
c19riboseqorf140	7	CHM13_T0115926	True
c19riboseqorf144	7	CHM13_T0116116	True
c19riboseqorf145	7	CHM13_T0116189	True
c19riboseqorf146	7	CHM13_T0116249	True
c19riboseqorf147	7	CHM13_T0116248	True
c19riboseqorf152	7	CHM13_T0116717	True
c19riboseqorf156	7	CHM13_T0116911	True
c19riboseqorf157	7	CHM13_T0117045	True
c19riboseqorf158	7	CHM13_T0117686	True
c19riboseqorf159	7	CHM13_T0117704	True
c19riboseqorf160	7	CHM13_T0117808	True
c19riboseqorf161	7	CHM13_T0117828	True
c19riboseqorf172	7	CHM13_T0118242	True
c19riboseqorf175	7	CHM13_T0118394	True
c20riboseqorf4	7	CHM13_T0135559	True
c20riboseqorf7	7	CHM13_T0135877	True
c20riboseqorf8	7	CHM13_T0135896	True
c20riboseqorf22	7	CHM13_T0136557	True
c20riboseqorf26	7	CHM13_T0137599	True
c20riboseqorf27	7	CHM13_T0137607	True
c20riboseqorf45	7	CHM13_T0139239	True
c20riboseqorf47	7	CHM13_T0139271	True
c20riboseqorf48	7	CHM13_T0139271	True
c20riboseqorf51	7	CHM13_T0139440	True
c20riboseqorf60	7	CHM13_T0140629	True
c21riboseqorf8	7	CHM13_T0141789	True
c21riboseqorf18	7	CHM13_T0143067	True
c21riboseqorf28	7	CHM13_T0143778	True
c22riboseqorf2	7	CHM13_T0144079	True
c22riboseqorf7	7	CHM13_T0144433	True
c22riboseqorf10	7	CHM13_T0144624	True
c22riboseqorf16	7	CHM13_T0145235	True
c22riboseqorf18	7	CHM13_T0145267	True
c22riboseqorf24	7	CHM13_T0145511	True
c22riboseqorf29	7	CHM13_T0145859	True
c22riboseqorf60	7	CHM13_T0148489	True
c22riboseqorf62	7	CHM13_T0148596	True
c22riboseqorf63	7	CHM13_T0148619	True
cXriboseqorf3	7	CHM13_T0222770	True
cXriboseqorf5	7	CHM13_T0222804	True
cXriboseqorf6	7	CHM13_T0222808	True
cXriboseqorf7	7	CHM13_T0222807	True
cXriboseqorf8	7	CHM13_T0222977	True
cXriboseqorf11	7	CHM13_T0223036	True
cXriboseqorf15	7	CHM13_T0223402	True
cXriboseqorf30	7	CHM13_T0225180	True
cXriboseqorf31	7	CHM13_T0225181	True
cXriboseqorf39	7	CHM13_T0225667	True
cXriboseqorf48	7	CHM13_T0226356	True
cXriboseqorf52	7	CHM13_T0226806	True
cXriboseqorf53	7	CHM13_T0226839	True
cXriboseqorf57	7	CHM13_T0226902	True
cXriboseqorf58	7	CHM13_T0226943	True
cXriboseqorf59	7	CHM13_T0226947	True
cXriboseqorf60	7	CHM13_T0227192	True
cXriboseqorf62	7	CHM13_T0227949	True
cXriboseqorf63	7	CHM13_T0227948	True
cXriboseqorf64	7	CHM13_T0228093	True
cXriboseqorf70	7	CHM13_T0228653	True
cXriboseqorf72	7	CHM13_T0229298	True
c1riboseqorf7	3	CHM13_G0000066	False
c1riboseqorf65	3	CHM13_G0001117	False
c1riboseqorf89	3	CHM13_G0001442	False
c1riboseqorf102	3	CHM13_T0006795	True
c1riboseqorf120	3	CHM13_G0002211	False
c1riboseqorf127	3	CHM13_G0002376	False
c1riboseqorf129	3	CHM13_G0002398	False
c1riboseqorf243	3	CHM13_G0004084	False
c1riboseqorf254	3	CHM13_T0016830	True
c1riboseqorf272	3	CHM13_G0004677	False
c1riboseqorf283	3	CHM13_G0005034	False
c1riboseqorf292	3	CHM13_G0005233	False
c1riboseqorf295	3	CHM13_G0005332	False
c1riboseqorf299	3	CHM13_T0020190	True
c2riboseqorf95	3	CHM13_G0032450	False
c2riboseqorf106	3	CHM13_G0032625	False
c2riboseqorf113	3	CHM13_G0032796	False
c2riboseqorf143	3	CHM13_G0033157	False
c2riboseqorf145	3	CHM13_G0033253	False
c2riboseqorf178	3	CHM13_G0033687	False
c2riboseqorf182	3	CHM13_G0033785	False
c2riboseqorf189	3	CHM13_G0034022	False
c3riboseqorf29	3	CHM13_G0038101	False
c3riboseqorf30	3	CHM13_G0038145	False
c3riboseqorf45	3	CHM13_G0038384	False
c3riboseqorf66	3	CHM13_G0038698	False
c3riboseqorf128	3	CHM13_G0039758	False
c3riboseqorf150	3	CHM13_G0040057	False
c3riboseqorf160	3	CHM13_G0040289	False
c3riboseqorf171	3	CHM13_G0040631	False
c3riboseqorf173	3	CHM13_T0161264	True
c4riboseqorf7	3	CHM13_G0041119	False
c4riboseqorf21	3	CHM13_G0041476	False
c4riboseqorf25	3	CHM13_G0041589	False
c4riboseqorf39	3	CHM13_G0041797	False
c4riboseqorf54	3	CHM13_G0042202	False
c4riboseqorf57	3	CHM13_T0167431	True
c4riboseqorf59	3	CHM13_G0042275	False
c4riboseqorf64	3	CHM13_T0168001	True
c4riboseqorf74	3	CHM13_G0042522	False
c4riboseqorf75	3	CHM13_G0042522	False
c4riboseqorf95	3	CHM13_G0042821	False
c4riboseqorf116	3	CHM13_G0043336	False
c4riboseqorf132	3	CHM13_G0043564	False
c5riboseqorf6	3	CHM13_G0043770	False
c5riboseqorf15	3	CHM13_G0044099	False
c5riboseqorf39	3	CHM13_G0044635	False
c5riboseqorf87	3	CHM13_G0045466	False
c5riboseqorf104	3	CHM13_G0045982	False
c5riboseqorf135	3	CHM13_G0046570	False
c6riboseqorf30	3	CHM13_G0047217	False
c6riboseqorf39	3	CHM13_G0047420	False
c6riboseqorf42	3	CHM13_T0186443	True
c6riboseqorf97	3	CHM13_T0190308	True
c6riboseqorf137	3	CHM13_G0049462	False
c7riboseqorf5	3	CHM13_T0194441	True
c7riboseqorf16	3	CHM13_G0049948	False
c7riboseqorf53	3	CHM13_G0050581	False
c7riboseqorf54	3	CHM13_G0050581	False
c7riboseqorf77	3	CHM13_G0051307	False
c7riboseqorf86	3	CHM13_T0200352	True
c7riboseqorf88	3	CHM13_G0051456	False
c7riboseqorf90	3	CHM13_G0051464	False
c7riboseqorf103	3	CHM13_G0051641	False
c7riboseqorf105	3	CHM13_G0051657	False
c7riboseqorf130	3	CHM13_G0052129	False
c7riboseqorf145	3	CHM13_G0052576	False
c8riboseqorf3	3	CHM13_T0205303	True
c8riboseqorf38	3	CHM13_T0207801	True
c8riboseqorf43	3	CHM13_T0208179	True
c8riboseqorf68	3	CHM13_G0054118	False
c8riboseqorf69	3	CHM13_G0054118	False
c8riboseqorf70	3	CHM13_G0054118	False
c8riboseqorf92	3	CHM13_T0212107	True
c8riboseqorf126	3	CHM13_G0055156	False
c9riboseqorf1	3	CHM13_G0055198	False
c9riboseqorf47	3	CHM13_T0217884	True
c9riboseqorf67	3	CHM13_T0219589	True
c9riboseqorf76	3	CHM13_G0056970	False
c10riboseqorf11	3	CHM13_G0005642	False
c10riboseqorf30	3	CHM13_G0006094	False
c10riboseqorf94	3	CHM13_G0007218	False
c10riboseqorf127	3	CHM13_T0027650	True
c11riboseqorf4	3	CHM13_G0007858	False
c11riboseqorf22	3	CHM13_G0008329	False
c11riboseqorf23	3	CHM13_T0030628	True
c11riboseqorf62	3	CHM13_T0033633	True
c11riboseqorf63	3	CHM13_T0033632	True
c11riboseqorf79	3	CHM13_G0009460	False
c11riboseqorf137	3	CHM13_G0010607	False
c11riboseqorf162	3	CHM13_G0011136	False
c12riboseqorf162	3	CHM13_T0053779	True
c13riboseqorf22	3	CHM13_T0055907	True
c13riboseqorf54	3	CHM13_G0015461	False
c14riboseqorf36	3	CHM13_G0016520	False
c14riboseqorf45	3	CHM13_G0016605	False
c14riboseqorf92	3	CHM13_G0017113	False
c14riboseqorf122	3	CHM13_G0017652	False
c15riboseqorf4	3	CHM13_T0068095	True
c15riboseqorf42	3	CHM13_G0018945	False
c15riboseqorf77	3	CHM13_G0019506	False
c15riboseqorf91	3	CHM13_T0075029	True
c15riboseqorf97	3	CHM13_G0019984	False
c16riboseqorf4	3	CHM13_G0020154	False
c16riboseqorf5	3	CHM13_G0020159	False
c16riboseqorf9	3	CHM13_T0077173	True
c16riboseqorf107	3	CHM13_T0084410	True
c16riboseqorf127	3	CHM13_T0085763	True
c16riboseqorf128	3	CHM13_G0022452	False
c16riboseqorf130	3	CHM13_T0085920	True
c17riboseqorf23	3	CHM13_G0022916	False
c17riboseqorf70	3	CHM13_G0024060	False
c18riboseqorf3	3	CHM13_T0100716	True
c19riboseqorf8	3	CHM13_G0027097	False
c19riboseqorf14	3	CHM13_G0027258	False
c19riboseqorf93	3	CHM13_T0112325	True
c19riboseqorf139	3	CHM13_G0029256	False
c19riboseqorf154	3	CHM13_G0029473	False
c19riboseqorf173	3	CHM13_G0029867	False
c20riboseqorf18	3	CHM13_G0034380	False
c21riboseqorf29	3	CHM13_G0036408	False
c22riboseqorf32	3	CHM13_G0037181	False
c22riboseqorf39	3	CHM13_G0037384	False
c22riboseqorf48	3	CHM13_G0037549	False
cXriboseqorf10	3	CHM13_T0223031	True
c1riboseqorf183	0	.	.
